trial,cars,stall,tick,score
1,200,121,2,69.75
1,200,132,3,57.84
1,200,117,4,53.75
1,200,116,5,51.4
1,200,116,6,49.84
1,200,127,7,47.93
1,200,130,8,46.31
1,200,124,9,45.39
1,200,129,10,44.4
1,200,134,11,43.37
1,200,121,12,43.04
1,200,133,13,42.31
1,200,123,14,42.03
1,200,132,15,41.5
1,200,132,16,41.03
1,200,134,17,40.56
1,200,111,18,40.78
1,200,127,19,40.55
1,200,133,20,40.2
1,200,116,21,40.28
1,200,119,22,40.3
1,200,121,23,40.26
1,200,109,24,40.48
1,200,102,25,40.82
1,200,117,26,40.84
1,200,111,27,40.98
1,200,116,28,41.02
1,200,124,29,40.91
1,200,113,30,41.0
1,200,115,31,41.05
1,200,101,32,41.31
1,200,100,33,41.58
1,200,109,34,41.69
1,200,112,35,41.76
1,200,108,36,41.88
1,200,121,37,41.81
1,200,109,38,41.91
1,200,107,39,42.02
1,200,111,40,42.09
1,200,122,41,42.01
1,200,113,42,42.05
1,200,108,43,42.14
1,200,114,44,42.16
1,200,112,45,42.2
1,200,117,46,42.19
1,200,109,47,42.26
1,200,103,48,42.38
1,200,111,49,42.43
1,200,124,50,42.34
1,200,120,51,42.3
1,200,110,52,42.34
1,200,115,53,42.35
1,200,111,54,42.39
1,200,109,55,42.45
1,200,99,56,42.59
1,200,109,57,42.64
1,200,99,58,42.77
1,200,103,59,42.88
1,200,103,60,42.97
1,200,117,61,42.95
1,200,104,62,43.02
1,200,116,63,43.01
1,200,109,64,43.05
1,200,139,65,42.85
1,200,102,66,42.95
1,200,110,67,42.98
1,200,111,68,43.0
1,200,127,69,42.91
1,200,115,70,42.9
1,200,117,71,42.88
1,200,115,72,42.88
1,200,102,73,42.96
1,200,119,74,42.92
1,200,117,75,42.91
1,200,110,76,42.94
1,200,123,77,42.88
1,200,119,78,42.84
1,200,120,79,42.81
1,200,116,80,42.8
1,200,121,81,42.76
1,200,113,82,42.77
1,200,105,83,42.83
1,200,103,84,42.9
1,200,110,85,42.92
1,200,106,86,42.97
1,200,125,87,42.9
1,200,112,88,42.91
1,200,120,89,42.88
1,200,91,90,43.01
1,200,114,91,43.01
1,200,104,92,43.06
1,200,126,93,43.0
1,200,131,94,42.91
1,200,124,95,42.86
1,200,120,96,42.83
1,200,122,97,42.79
1,200,113,98,42.8
1,200,122,99,42.76
1,200,129,100,42.69
1,200,113,101,42.7
1,200,115,102,42.69
1,200,109,103,42.72
1,200,117,104,42.7
1,200,113,105,42.72
1,200,112,106,42.73
1,200,109,107,42.75
1,200,100,108,42.82
1,200,117,109,42.8
1,200,107,110,42.84
1,200,119,111,42.82
1,200,111,112,42.84
1,200,135,113,42.74
1,200,114,114,42.74
1,200,123,115,42.71
1,200,113,116,42.72
1,200,116,117,42.71
1,200,126,118,42.66
1,200,112,119,42.67
1,200,113,120,42.68
1,200,116,121,42.67
1,200,115,122,42.67
1,200,129,123,42.62
1,200,115,124,42.62
1,200,125,125,42.57
1,200,125,126,42.53
1,200,115,127,42.53
1,200,110,128,42.55
1,200,107,129,42.58
1,200,113,130,42.59
1,200,121,131,42.56
1,200,109,132,42.59
1,200,116,133,42.59
1,200,116,134,42.58
1,200,113,135,42.59
1,200,120,136,42.56
1,200,117,137,42.56
1,200,102,138,42.6
1,200,103,139,42.65
1,200,102,140,42.7
1,200,107,141,42.72
1,200,121,142,42.7
1,200,127,143,42.66
1,200,105,144,42.69
1,200,100,145,42.74
1,200,112,146,42.74
1,200,115,147,42.74
1,200,105,148,42.77
1,200,115,149,42.77
1,200,117,150,42.77
1,200,113,151,42.77
1,200,104,152,42.8
1,200,111,153,42.81
1,200,121,154,42.8
1,200,117,155,42.78
1,200,112,156,42.8
1,200,113,157,42.8
1,200,110,158,42.81
1,200,116,159,42.81
1,200,112,160,42.81
1,200,119,161,42.8
1,200,114,162,42.8
1,200,118,163,42.79
1,200,124,164,42.76
1,200,131,165,42.71
1,200,108,166,42.73
1,200,108,167,42.75
1,200,101,168,42.79
1,200,123,169,42.77
1,200,110,170,42.78
1,200,116,171,42.77
1,200,110,172,42.79
1,200,128,173,42.75
1,200,111,174,42.76
1,200,131,175,42.71
1,200,131,176,42.66
1,200,113,177,42.67
1,200,111,178,42.68
1,200,115,179,42.68
1,200,118,180,42.67
1,200,119,181,42.66
1,200,105,182,42.69
1,200,97,183,42.73
1,200,98,184,42.77
1,200,116,185,42.77
1,200,111,186,42.78
1,200,123,187,42.76
1,200,115,188,42.76
1,200,126,189,42.73
1,200,107,190,42.74
1,200,119,191,42.73
1,200,110,192,42.74
1,200,120,193,42.73
1,200,126,194,42.7
1,200,128,195,42.67
1,200,104,196,42.7
1,200,115,197,42.7
1,200,108,198,42.71
1,200,130,199,42.67
1,200,117,200,42.66
1,200,121,201,42.65
1,200,113,202,42.66
1,200,107,203,42.67
1,200,121,204,42.66
1,200,110,205,42.67
1,200,113,206,42.67
1,200,121,207,42.66
1,200,116,208,42.66
1,200,126,209,42.63
1,200,128,210,42.6
1,200,116,211,42.59
1,200,120,212,42.59
1,200,124,213,42.56
1,200,123,214,42.54
1,200,133,215,42.5
1,200,105,216,42.52
1,200,111,217,42.53
1,200,110,218,42.55
1,200,105,219,42.56
1,200,113,220,42.57
1,200,109,221,42.59
1,200,109,222,42.59
1,200,109,223,42.61
1,200,120,224,42.6
1,200,112,225,42.6
1,200,110,226,42.62
1,200,127,227,42.59
1,200,117,228,42.59
1,200,109,229,42.59
1,200,99,230,42.63
1,200,105,231,42.65
1,200,111,232,42.66
1,200,112,233,42.66
1,200,108,234,42.68
1,200,125,235,42.66
1,200,104,236,42.68
1,200,115,237,42.68
1,200,115,238,42.68
1,200,118,239,42.67
1,200,112,240,42.67
1,200,120,241,42.66
1,200,114,242,42.66
1,200,115,243,42.66
1,200,127,244,42.64
1,200,129,245,42.61
1,200,123,246,42.59
1,200,119,247,42.59
1,200,122,248,42.58
1,200,115,249,42.57
1,200,107,250,42.59
1,200,131,251,42.55
1,200,119,252,42.55
1,200,115,253,42.55
1,200,105,254,42.56
1,200,123,255,42.55
1,200,109,256,42.56
1,200,121,257,42.55
1,200,119,258,42.55
1,200,131,259,42.51
1,200,111,260,42.52
1,200,112,261,42.52
1,200,114,262,42.52
1,200,111,263,42.53
1,200,102,264,42.56
1,200,114,265,42.56
1,200,111,266,42.57
1,200,133,267,42.53
1,200,115,268,42.53
1,200,123,269,42.52
1,200,96,270,42.55
1,200,99,271,42.59
1,200,98,272,42.62
1,200,113,273,42.62
1,200,112,274,42.62
1,200,115,275,42.62
1,200,106,276,42.64
1,200,122,277,42.63
1,200,109,278,42.63
1,200,113,279,42.64
1,200,121,280,42.63
1,200,125,281,42.61
1,200,114,282,42.61
1,200,120,283,42.6
1,200,99,284,42.63
1,200,119,285,42.62
1,200,111,286,42.63
1,200,118,287,42.62
1,200,112,288,42.63
1,200,129,289,42.6
1,200,112,290,42.6
1,200,108,291,42.62
1,200,100,292,42.65
1,200,117,293,42.64
1,200,113,294,42.65
1,200,112,295,42.65
1,200,114,296,42.65
1,200,129,297,42.63
1,200,112,298,42.63
1,200,127,299,42.61
1,200,119,300,42.6
1,200,128,301,42.58
1,200,119,302,42.58
1,200,116,303,42.57
1,200,112,304,42.58
1,200,125,305,42.56
1,200,113,306,42.56
1,200,127,307,42.54
1,200,106,308,42.55
1,200,105,309,42.58
1,200,113,310,42.58
1,200,119,311,42.57
1,200,104,312,42.59
1,200,131,313,42.56
1,200,133,314,42.53
1,200,116,315,42.53
1,200,112,316,42.53
1,200,116,317,42.53
1,200,121,318,42.52
1,200,114,319,42.52
1,200,111,320,42.53
1,200,106,321,42.55
1,200,109,322,42.55
1,200,106,323,42.57
1,200,107,324,42.58
1,200,130,325,42.55
1,200,119,326,42.55
1,200,127,327,42.53
1,200,122,328,42.52
1,200,122,329,42.51
1,200,106,330,42.52
1,200,117,331,42.52
1,200,96,332,42.55
1,200,110,333,42.55
1,200,125,334,42.54
1,200,125,335,42.52
1,200,119,336,42.52
1,200,120,337,42.52
1,200,112,338,42.52
1,200,123,339,42.51
1,200,115,340,42.51
1,200,99,341,42.53
1,200,98,342,42.55
1,200,111,343,42.56
1,200,108,344,42.57
1,200,121,345,42.56
1,200,124,346,42.55
1,200,105,347,42.56
1,200,116,348,42.56
1,200,120,349,42.55
1,200,118,350,42.55
1,200,127,351,42.53
1,200,119,352,42.52
1,200,138,353,42.49
1,200,118,354,42.49
1,200,126,355,42.48
1,200,111,356,42.48
1,200,114,357,42.48
1,200,123,358,42.47
1,200,117,359,42.47
1,200,122,360,42.45
1,200,120,361,42.45
1,200,122,362,42.44
1,200,108,363,42.45
1,200,116,364,42.45
1,200,119,365,42.45
1,200,120,366,42.44
1,200,122,367,42.43
1,200,110,368,42.44
1,200,119,369,42.43
1,200,112,370,42.44
1,200,112,371,42.44
1,200,112,372,42.44
1,200,130,373,42.42
1,200,121,374,42.41
1,200,131,375,42.4
1,200,124,376,42.38
1,200,121,377,42.38
1,200,100,378,42.4
1,200,105,379,42.41
1,200,93,380,42.44
1,200,124,381,42.42
1,200,116,382,42.42
1,200,120,383,42.42
1,200,103,384,42.44
1,200,105,385,42.45
1,200,115,386,42.45
1,200,117,387,42.45
1,200,125,388,42.43
1,200,118,389,42.43
1,200,117,390,42.42
1,200,126,391,42.41
1,200,111,392,42.41
1,200,117,393,42.41
1,200,105,394,42.43
1,200,112,395,42.43
1,200,113,396,42.44
1,200,124,397,42.42
1,200,109,398,42.43
1,200,111,399,42.44
1,200,115,400,42.44
1,200,121,401,42.43
1,200,116,402,42.43
1,200,110,403,42.44
1,200,118,404,42.43
1,200,124,405,42.42
1,200,121,406,42.41
1,200,103,407,42.43
1,200,120,408,42.42
1,200,120,409,42.41
1,200,114,410,42.41
1,200,124,411,42.41
1,200,118,412,42.41
1,200,116,413,42.4
1,200,115,414,42.4
1,200,111,415,42.41
1,200,105,416,42.42
1,200,115,417,42.42
1,200,130,418,42.4
1,200,133,419,42.38
1,200,120,420,42.38
1,200,130,421,42.35
1,200,118,422,42.35
1,200,113,423,42.35
1,200,111,424,42.36
1,200,123,425,42.35
1,200,109,426,42.36
1,200,111,427,42.37
1,200,112,428,42.37
1,200,115,429,42.37
1,200,105,430,42.38
1,200,103,431,42.4
1,200,110,432,42.4
1,200,108,433,42.41
1,200,111,434,42.41
1,200,115,435,42.41
1,200,126,436,42.41
1,200,122,437,42.4
1,200,114,438,42.4
1,200,114,439,42.4
1,200,122,440,42.39
1,200,128,441,42.38
1,200,116,442,42.38
1,200,125,443,42.37
1,200,120,444,42.36
1,200,122,445,42.35
1,200,125,446,42.34
1,200,108,447,42.35
1,200,94,448,42.37
1,200,114,449,42.38
1,200,110,450,42.38
1,200,115,451,42.38
1,200,99,452,42.4
1,200,109,453,42.41
1,200,101,454,42.42
1,200,116,455,42.42
1,200,111,456,42.42
1,200,108,457,42.43
1,200,94,458,42.45
1,200,107,459,42.47
1,200,111,460,42.47
1,200,116,461,42.47
1,200,110,462,42.47
1,200,106,463,42.48
1,200,107,464,42.49
1,200,99,465,42.51
1,200,97,466,42.52
1,200,107,467,42.53
1,200,100,468,42.55
1,200,105,469,42.56
1,200,111,470,42.56
1,200,116,471,42.56
1,200,110,472,42.57
1,200,119,473,42.56
1,200,115,474,42.56
1,200,127,475,42.55
1,200,120,476,42.55
1,200,124,477,42.54
1,200,93,478,42.56
1,200,110,479,42.56
1,200,99,480,42.58
1,200,104,481,42.59
1,200,107,482,42.6
1,200,109,483,42.61
1,200,122,484,42.6
1,200,128,485,42.59
1,200,110,486,42.59
1,200,120,487,42.59
1,200,122,488,42.58
1,200,128,489,42.56
1,200,115,490,42.56
1,200,131,491,42.55
1,200,133,492,42.53
1,200,120,493,42.52
1,200,124,494,42.52
1,200,131,495,42.5
1,200,103,496,42.51
1,200,110,497,42.52
1,200,108,498,42.52
1,200,117,499,42.52
1,200,116,500,42.52
1,200,124,501,42.51
1,200,109,502,42.52
1,200,109,503,42.52
1,200,112,504,42.52
1,200,124,505,42.52
1,200,129,506,42.51
1,200,129,507,42.49
1,200,121,508,42.48
1,200,109,509,42.49
1,200,115,510,42.49
1,200,129,511,42.48
1,200,120,512,42.47
1,200,108,513,42.48
1,200,111,514,42.48
1,200,107,515,42.49
1,200,108,516,42.49
1,200,106,517,42.51
1,200,110,518,42.51
1,200,120,519,42.51
1,200,120,520,42.5
1,200,131,521,42.48
1,200,118,522,42.48
1,200,130,523,42.47
1,200,106,524,42.48
1,200,131,525,42.46
1,200,128,526,42.45
1,200,137,527,42.43
1,200,128,528,42.41
1,200,119,529,42.41
1,200,121,530,42.41
1,200,123,531,42.4
1,200,118,532,42.4
1,200,124,533,42.39
1,200,124,534,42.38
1,200,130,535,42.37
1,200,122,536,42.36
1,200,122,537,42.35
1,200,123,538,42.35
1,200,129,539,42.34
1,200,123,540,42.33
1,200,131,541,42.31
1,200,126,542,42.3
1,200,126,543,42.3
1,200,130,544,42.28
1,200,117,545,42.28
1,200,120,546,42.27
1,200,107,547,42.28
1,200,117,548,42.28
1,200,115,549,42.28
1,200,113,550,42.28
1,200,113,551,42.28
1,200,126,552,42.27
1,200,134,553,42.26
1,200,125,554,42.25
1,200,123,555,42.24
1,200,114,556,42.24
1,200,120,557,42.24
1,200,115,558,42.24
1,200,109,559,42.25
1,200,111,560,42.25
1,200,113,561,42.26
1,200,104,562,42.27
1,200,131,563,42.25
1,200,118,564,42.25
1,200,122,565,42.24
1,200,103,566,42.26
1,200,107,567,42.26
1,200,132,568,42.24
1,200,119,569,42.24
1,200,106,570,42.25
1,200,90,571,42.27
1,200,115,572,42.27
1,200,120,573,42.27
1,200,110,574,42.27
1,200,113,575,42.27
1,200,118,576,42.27
1,200,127,577,42.27
1,200,107,578,42.27
1,200,110,579,42.27
1,200,109,580,42.28
1,200,118,581,42.28
1,200,118,582,42.28
1,200,119,583,42.27
1,200,120,584,42.27
1,200,118,585,42.27
1,200,113,586,42.27
1,200,109,587,42.27
1,200,120,588,42.27
1,200,121,589,42.27
1,200,123,590,42.26
1,200,130,591,42.25
1,200,124,592,42.24
1,200,132,593,42.23
1,200,118,594,42.23
1,200,107,595,42.23
1,200,115,596,42.23
1,200,116,597,42.23
1,200,113,598,42.23
1,200,119,599,42.23
1,200,117,600,42.23
1,200,118,601,42.23
1,200,113,602,42.23
1,200,109,603,42.23
1,200,107,604,42.24
1,200,111,605,42.25
1,200,118,606,42.24
1,200,113,607,42.25
1,200,118,608,42.24
1,200,117,609,42.24
1,200,124,610,42.24
1,200,111,611,42.24
1,200,107,612,42.25
1,200,110,613,42.26
1,200,115,614,42.26
1,200,114,615,42.26
1,200,119,616,42.25
1,200,120,617,42.25
1,200,124,618,42.24
1,200,118,619,42.24
1,200,112,620,42.24
1,200,116,621,42.24
1,200,112,622,42.24
1,200,120,623,42.24
1,200,122,624,42.23
1,200,121,625,42.23
1,200,124,626,42.23
1,200,133,627,42.21
1,200,120,628,42.2
1,200,124,629,42.2
1,200,100,630,42.22
1,200,119,631,42.21
1,200,106,632,42.22
1,200,117,633,42.22
1,200,107,634,42.23
1,200,101,635,42.23
1,200,108,636,42.24
1,200,111,637,42.24
1,200,118,638,42.24
1,200,114,639,42.24
1,200,107,640,42.25
1,200,119,641,42.24
1,200,121,642,42.24
1,200,128,643,42.23
1,200,108,644,42.24
1,200,134,645,42.23
1,200,129,646,42.22
1,200,137,647,42.2
1,200,103,648,42.21
1,200,108,649,42.22
1,200,115,650,42.22
1,200,123,651,42.21
1,200,110,652,42.21
1,200,108,653,42.22
1,200,104,654,42.23
1,200,116,655,42.23
1,200,114,656,42.23
1,200,115,657,42.23
1,200,127,658,42.22
1,200,120,659,42.22
1,200,112,660,42.22
1,200,117,661,42.22
1,200,104,662,42.23
1,200,100,663,42.24
1,200,120,664,42.23
1,200,116,665,42.23
1,200,114,666,42.23
1,200,121,667,42.23
1,200,129,668,42.22
1,200,128,669,42.21
1,200,113,670,42.22
1,200,118,671,42.21
1,200,134,672,42.2
1,200,119,673,42.2
1,200,117,674,42.2
1,200,127,675,42.19
1,200,108,676,42.19
1,200,105,677,42.2
1,200,119,678,42.2
1,200,119,679,42.2
1,200,108,680,42.2
1,200,123,681,42.2
1,200,122,682,42.19
1,200,111,683,42.2
1,200,110,684,42.2
1,200,117,685,42.2
1,200,115,686,42.2
1,200,117,687,42.2
1,200,118,688,42.2
1,200,111,689,42.2
1,200,108,690,42.2
1,200,116,691,42.2
1,200,105,692,42.21
1,200,124,693,42.2
1,200,133,694,42.19
1,200,129,695,42.19
1,200,127,696,42.17
1,200,125,697,42.17
1,200,111,698,42.17
1,200,120,699,42.17
1,200,109,700,42.17
1,200,101,701,42.19
1,200,116,702,42.19
1,200,119,703,42.18
1,200,111,704,42.19
1,200,122,705,42.18
1,200,119,706,42.17
1,200,120,707,42.17
1,200,119,708,42.17
1,200,129,709,42.16
1,200,117,710,42.16
1,200,113,711,42.16
1,200,111,712,42.16
1,200,112,713,42.17
1,200,116,714,42.17
1,200,124,715,42.16
1,200,128,716,42.16
1,200,104,717,42.16
1,200,127,718,42.16
1,200,124,719,42.15
1,200,126,720,42.14
1,200,135,721,42.13
1,200,129,722,42.12
1,200,129,723,42.11
1,200,108,724,42.12
1,200,108,725,42.12
1,200,107,726,42.13
1,200,120,727,42.13
1,200,111,728,42.13
1,200,113,729,42.13
1,200,119,730,42.13
1,200,122,731,42.12
1,200,110,732,42.13
1,200,126,733,42.12
1,200,118,734,42.12
1,200,135,735,42.1
1,200,124,736,42.1
1,200,138,737,42.09
1,200,110,738,42.09
1,200,103,739,42.09
1,200,96,740,42.11
1,200,111,741,42.12
1,200,115,742,42.12
1,200,115,743,42.12
1,200,119,744,42.11
1,200,123,745,42.1
1,200,121,746,42.1
1,200,120,747,42.1
1,200,107,748,42.1
1,200,120,749,42.1
1,200,111,750,42.1
1,200,124,751,42.1
1,200,119,752,42.1
1,200,123,753,42.09
1,200,121,754,42.09
1,200,119,755,42.09
1,200,106,756,42.09
1,200,110,757,42.1
1,200,120,758,42.09
1,200,129,759,42.09
1,200,122,760,42.09
1,200,121,761,42.08
1,200,111,762,42.09
1,200,115,763,42.09
1,200,122,764,42.08
1,200,129,765,42.07
1,200,122,766,42.07
1,200,120,767,42.06
1,200,120,768,42.06
1,200,118,769,42.06
1,200,107,770,42.06
1,200,115,771,42.06
1,200,117,772,42.06
1,200,122,773,42.06
1,200,114,774,42.06
1,200,118,775,42.06
1,200,121,776,42.06
1,200,115,777,42.06
1,200,101,778,42.07
1,200,121,779,42.06
1,200,129,780,42.06
1,200,125,781,42.05
1,200,117,782,42.05
1,200,113,783,42.05
1,200,121,784,42.05
1,200,115,785,42.05
1,200,108,786,42.05
1,200,111,787,42.06
1,200,109,788,42.06
1,200,114,789,42.06
1,200,117,790,42.06
1,200,115,791,42.06
1,200,115,792,42.06
1,200,110,793,42.07
1,200,122,794,42.06
1,200,121,795,42.06
1,200,115,796,42.06
1,200,123,797,42.05
1,200,109,798,42.06
1,200,110,799,42.06
1,200,100,800,42.08
1,200,112,801,42.08
1,200,119,802,42.08
1,200,128,803,42.07
1,200,100,804,42.08
1,200,101,805,42.09
1,200,105,806,42.09
1,200,108,807,42.1
1,200,108,808,42.1
1,200,107,809,42.11
1,200,117,810,42.11
1,200,112,811,42.11
1,200,122,812,42.1
1,200,132,813,42.09
1,200,134,814,42.09
1,200,129,815,42.08
1,200,109,816,42.08
1,200,127,817,42.08
1,200,108,818,42.08
1,200,104,819,42.09
1,200,117,820,42.09
1,200,114,821,42.09
1,200,111,822,42.09
1,200,108,823,42.09
1,200,110,824,42.1
1,200,109,825,42.1
1,200,117,826,42.1
1,200,124,827,42.09
1,200,115,828,42.09
1,200,128,829,42.09
1,200,124,830,42.09
1,200,122,831,42.08
1,200,123,832,42.08
1,200,124,833,42.07
1,200,107,834,42.08
1,200,126,835,42.07
1,200,113,836,42.08
1,200,118,837,42.07
1,200,113,838,42.08
1,200,115,839,42.08
1,200,99,840,42.09
1,200,117,841,42.09
1,200,126,842,42.08
1,200,99,843,42.09
1,200,109,844,42.09
1,200,110,845,42.09
1,200,108,846,42.1
1,200,113,847,42.1
1,200,114,848,42.1
1,200,126,849,42.09
1,200,130,850,42.09
1,200,122,851,42.09
1,200,124,852,42.08
1,200,143,853,42.06
1,200,122,854,42.06
1,200,128,855,42.05
1,200,122,856,42.05
1,200,111,857,42.05
1,200,119,858,42.05
1,200,125,859,42.05
1,200,124,860,42.04
1,200,130,861,42.03
1,200,123,862,42.03
1,200,132,863,42.02
1,200,133,864,42.01
1,200,134,865,42.0
1,200,127,866,41.99
1,200,122,867,41.99
1,200,120,868,41.98
1,200,122,869,41.98
1,200,130,870,41.98
1,200,137,871,41.97
1,200,114,872,41.97
1,200,117,873,41.97
1,200,116,874,41.97
1,200,110,875,41.97
1,200,130,876,41.96
1,200,129,877,41.95
1,200,102,878,41.96
1,200,103,879,41.97
1,200,123,880,41.97
1,200,117,881,41.97
1,200,128,882,41.95
1,200,131,883,41.95
1,200,117,884,41.95
1,200,111,885,41.95
1,200,104,886,41.95
1,200,117,887,41.95
1,200,125,888,41.95
1,200,122,889,41.95
1,200,132,890,41.94
1,200,129,891,41.93
1,200,127,892,41.92
1,200,111,893,41.93
1,200,124,894,41.92
1,200,121,895,41.92
1,200,108,896,41.92
1,200,92,897,41.94
1,200,112,898,41.94
1,200,106,899,41.95
1,200,111,900,41.95
1,200,123,901,41.95
1,200,109,902,41.95
1,200,125,903,41.95
1,200,116,904,41.95
1,200,130,905,41.94
1,200,122,906,41.94
1,200,131,907,41.92
1,200,117,908,41.92
1,200,116,909,41.92
1,200,112,910,41.93
1,200,124,911,41.92
1,200,114,912,41.92
1,200,112,913,41.92
1,200,120,914,41.92
1,200,128,915,41.92
1,200,113,916,41.92
1,200,121,917,41.92
1,200,116,918,41.92
1,200,130,919,41.91
1,200,120,920,41.91
1,200,119,921,41.91
1,200,107,922,41.91
1,200,121,923,41.91
1,200,125,924,41.91
1,200,124,925,41.9
1,200,110,926,41.91
1,200,90,927,41.91
1,200,106,928,41.92
1,200,111,929,41.92
1,200,116,930,41.92
1,200,105,931,41.93
1,200,128,932,41.92
1,200,126,933,41.92
1,200,117,934,41.92
1,200,116,935,41.92
1,200,115,936,41.92
1,200,132,937,41.91
1,200,113,938,41.91
1,200,128,939,41.91
1,200,123,940,41.91
1,200,119,941,41.9
1,200,121,942,41.9
1,200,116,943,41.9
1,200,120,944,41.9
1,200,125,945,41.9
1,200,113,946,41.9
1,200,115,947,41.9
1,200,116,948,41.9
1,200,130,949,41.89
1,200,116,950,41.89
1,200,121,951,41.88
1,200,118,952,41.88
1,200,121,953,41.88
1,200,123,954,41.88
1,200,124,955,41.88
1,200,132,956,41.87
1,200,134,957,41.85
1,200,117,958,41.85
1,200,117,959,41.85
1,200,114,960,41.86
1,200,128,961,41.85
1,200,115,962,41.85
1,200,130,963,41.84
1,200,113,964,41.84
1,200,106,965,41.85
1,200,107,966,41.85
1,200,116,967,41.85
1,200,112,968,41.86
1,200,117,969,41.86
1,200,113,970,41.86
1,200,119,971,41.86
1,200,117,972,41.86
1,200,119,973,41.86
1,200,123,974,41.85
1,200,116,975,41.85
1,200,120,976,41.85
1,200,117,977,41.85
1,200,122,978,41.85
1,200,120,979,41.84
1,200,112,980,41.85
1,200,127,981,41.84
1,200,107,982,41.85
1,200,99,983,41.86
1,200,113,984,41.86
1,200,131,985,41.85
1,200,115,986,41.85
1,200,116,987,41.85
1,200,112,988,41.85
1,200,127,989,41.85
1,200,119,990,41.85
1,200,114,991,41.85
1,200,113,992,41.85
1,200,106,993,41.85
1,200,99,994,41.87
1,200,111,995,41.87
1,200,105,996,41.88
1,200,129,997,41.87
1,200,120,998,41.87
1,200,127,999,41.86
1,200,115,1000,41.86
1,200,135,1001,41.85
1,200,122,1002,41.85
1,200,120,1003,41.84
1,200,135,1004,41.84
1,200,129,1005,41.83
1,200,106,1006,41.84
1,200,113,1007,41.84
1,200,112,1008,41.84
1,200,120,1009,41.84
1,200,113,1010,41.84
1,200,106,1011,41.84
1,200,105,1012,41.85
1,200,116,1013,41.85
1,200,116,1014,41.85
1,200,112,1015,41.85
1,200,113,1016,41.85
1,200,117,1017,41.85
1,200,120,1018,41.85
1,200,125,1019,41.84
1,200,125,1020,41.84
1,200,116,1021,41.84
1,200,108,1022,41.84
1,200,122,1023,41.84
1,200,129,1024,41.84
1,200,117,1025,41.84
1,200,119,1026,41.84
1,200,121,1027,41.84
1,200,109,1028,41.84
1,200,118,1029,41.84
1,200,108,1030,41.84
1,200,126,1031,41.84
1,200,103,1032,41.84
1,200,103,1033,41.85
1,200,96,1034,41.86
1,200,116,1035,41.86
1,200,120,1036,41.86
1,200,123,1037,41.85
1,200,120,1038,41.85
1,200,115,1039,41.85
1,200,121,1040,41.85
1,200,106,1041,41.85
1,200,107,1042,41.86
1,200,108,1043,41.87
1,200,102,1044,41.87
1,200,111,1045,41.88
1,200,106,1046,41.88
1,200,111,1047,41.88
1,200,107,1048,41.88
1,200,117,1049,41.88
1,200,114,1050,41.88
1,200,123,1051,41.88
1,200,108,1052,41.88
1,200,111,1053,41.89
1,200,110,1054,41.89
1,200,118,1055,41.89
1,200,115,1056,41.89
1,200,116,1057,41.89
1,200,121,1058,41.89
1,200,136,1059,41.88
1,200,109,1060,41.88
1,200,99,1061,41.89
1,200,103,1062,41.9
1,200,113,1063,41.9
1,200,120,1064,41.9
1,200,128,1065,41.89
1,200,109,1066,41.9
1,200,111,1067,41.9
1,200,122,1068,41.9
1,200,115,1069,41.9
1,200,116,1070,41.9
1,200,116,1071,41.9
1,200,118,1072,41.9
1,200,119,1073,41.9
1,200,103,1074,41.9
1,200,102,1075,41.91
1,200,113,1076,41.91
1,200,109,1077,41.91
1,200,109,1078,41.91
1,200,119,1079,41.91
1,200,123,1080,41.91
1,200,118,1081,41.91
1,200,107,1082,41.91
1,200,114,1083,41.91
1,200,111,1084,41.91
1,200,116,1085,41.92
1,200,126,1086,41.91
1,200,127,1087,41.91
1,200,108,1088,41.91
1,200,114,1089,41.91
1,200,112,1090,41.91
1,200,108,1091,41.92
1,200,108,1092,41.92
1,200,113,1093,41.92
1,200,112,1094,41.92
1,200,118,1095,41.92
1,200,118,1096,41.92
1,200,119,1097,41.92
1,200,96,1098,41.93
1,200,109,1099,41.94
1,200,120,1100,41.94
1,200,116,1101,41.94
1,200,112,1102,41.94
1,200,123,1103,41.93
1,200,123,1104,41.93
1,200,124,1105,41.92
1,200,135,1106,41.91
1,200,129,1107,41.91
1,200,125,1108,41.91
1,200,123,1109,41.91
1,200,118,1110,41.91
1,200,113,1111,41.91
1,200,110,1112,41.91
1,200,128,1113,41.9
1,200,111,1114,41.91
1,200,117,1115,41.91
1,200,109,1116,41.91
1,200,105,1117,41.91
1,200,116,1118,41.91
1,200,122,1119,41.91
1,200,108,1120,41.91
1,200,114,1121,41.91
1,200,97,1122,41.92
1,200,119,1123,41.92
1,200,104,1124,41.92
1,200,119,1125,41.92
1,200,109,1126,41.93
1,200,104,1127,41.94
1,200,106,1128,41.94
1,200,105,1129,41.95
1,200,108,1130,41.95
1,200,120,1131,41.95
1,200,118,1132,41.95
1,200,123,1133,41.94
1,200,116,1134,41.94
1,200,113,1135,41.95
1,200,109,1136,41.95
1,200,106,1137,41.95
1,200,114,1138,41.95
1,200,115,1139,41.95
1,200,110,1140,41.95
1,200,112,1141,41.95
1,200,109,1142,41.96
1,200,115,1143,41.96
1,200,118,1144,41.96
1,200,114,1145,41.96
1,200,109,1146,41.97
1,200,111,1147,41.97
1,200,130,1148,41.96
1,200,133,1149,41.95
1,200,117,1150,41.95
1,200,122,1151,41.95
1,200,119,1152,41.95
1,200,114,1153,41.95
1,200,111,1154,41.95
1,200,126,1155,41.95
1,200,118,1156,41.95
1,200,111,1157,41.95
1,200,114,1158,41.95
1,200,119,1159,41.95
1,200,106,1160,41.95
1,200,103,1161,41.96
1,200,99,1162,41.97
1,200,118,1163,41.97
1,200,103,1164,41.97
1,200,116,1165,41.97
1,200,123,1166,41.97
1,200,116,1167,41.97
1,200,112,1168,41.97
1,200,113,1169,41.97
1,200,101,1170,41.98
1,200,122,1171,41.98
1,200,108,1172,41.98
1,200,113,1173,41.98
1,200,122,1174,41.98
1,200,117,1175,41.98
1,200,118,1176,41.98
1,200,114,1177,41.98
1,200,100,1178,41.98
1,200,124,1179,41.98
1,200,112,1180,41.98
1,200,98,1181,41.99
1,200,116,1182,41.99
1,200,114,1183,41.99
1,200,111,1184,41.99
1,200,118,1185,41.99
1,200,113,1186,41.99
1,200,114,1187,41.99
1,200,109,1188,41.99
1,200,117,1189,41.99
1,200,108,1190,42.0
1,200,95,1191,42.01
1,200,99,1192,42.02
1,200,106,1193,42.02
1,200,108,1194,42.02
1,200,115,1195,42.02
1,200,119,1196,42.02
1,200,109,1197,42.02
1,200,108,1198,42.03
1,200,106,1199,42.03
1,200,107,1200,42.03
1,200,123,1201,42.03
1,200,109,1202,42.03
1,200,116,1203,42.03
1,200,103,1204,42.04
1,200,127,1205,42.03
1,200,116,1206,42.03
1,200,114,1207,42.03
1,200,112,1208,42.04
1,200,122,1209,42.03
1,200,111,1210,42.04
1,200,126,1211,42.03
1,200,115,1212,42.03
1,200,103,1213,42.04
1,200,107,1214,42.05
1,200,118,1215,42.04
1,200,102,1216,42.05
1,200,108,1217,42.05
1,200,107,1218,42.05
1,200,121,1219,42.05
1,200,94,1220,42.06
1,200,99,1221,42.07
1,200,94,1222,42.08
1,200,105,1223,42.08
1,200,100,1224,42.09
1,200,107,1225,42.09
1,200,114,1226,42.09
1,200,113,1227,42.09
1,200,122,1228,42.09
1,200,133,1229,42.09
1,200,115,1230,42.09
1,200,129,1231,42.08
1,200,112,1232,42.08
1,200,129,1233,42.08
1,200,119,1234,42.08
1,200,116,1235,42.08
1,200,118,1236,42.08
1,200,112,1237,42.08
1,200,125,1238,42.07
1,200,120,1239,42.07
1,200,116,1240,42.07
1,200,102,1241,42.08
1,200,107,1242,42.08
1,200,120,1243,42.08
1,200,105,1244,42.08
1,200,108,1245,42.09
1,200,89,1246,42.09
1,200,109,1247,42.1
1,200,103,1248,42.1
1,200,112,1249,42.1
1,200,114,1250,42.1
1,200,115,1251,42.1
1,200,105,1252,42.11
1,200,115,1253,42.11
1,200,122,1254,42.11
1,200,122,1255,42.1
1,200,122,1256,42.1
1,200,113,1257,42.1
1,200,121,1258,42.1
1,200,124,1259,42.1
1,200,119,1260,42.1
1,200,133,1261,42.09
1,200,115,1262,42.09
1,200,117,1263,42.09
1,200,114,1264,42.09
1,200,119,1265,42.09
1,200,119,1266,42.09
1,200,116,1267,42.09
1,200,101,1268,42.09
1,200,116,1269,42.09
1,200,126,1270,42.09
1,200,133,1271,42.09
1,200,116,1272,42.09
1,200,118,1273,42.09
1,200,115,1274,42.09
1,200,125,1275,42.08
1,200,117,1276,42.08
1,200,113,1277,42.08
1,200,105,1278,42.09
1,200,118,1279,42.09
1,200,105,1280,42.09
1,200,115,1281,42.09
1,200,125,1282,42.09
1,200,128,1283,42.08
1,200,106,1284,42.09
1,200,121,1285,42.08
1,200,118,1286,42.08
1,200,122,1287,42.08
1,200,116,1288,42.08
1,200,102,1289,42.09
1,200,101,1290,42.09
1,200,119,1291,42.09
1,200,113,1292,42.09
1,200,113,1293,42.09
1,200,118,1294,42.09
1,200,116,1295,42.09
1,200,115,1296,42.09
1,200,121,1297,42.09
1,200,126,1298,42.09
1,200,115,1299,42.09
1,200,106,1300,42.09
1,200,120,1301,42.09
1,200,96,1302,42.09
1,200,104,1303,42.1
1,200,102,1304,42.1
1,200,103,1305,42.11
1,200,96,1306,42.12
1,200,112,1307,42.12
1,200,104,1308,42.12
1,200,116,1309,42.12
1,200,115,1310,42.13
1,200,110,1311,42.13
1,200,115,1312,42.13
1,200,118,1313,42.13
1,200,113,1314,42.13
1,200,109,1315,42.13
1,200,106,1316,42.13
1,200,111,1317,42.13
1,200,100,1318,42.14
1,200,97,1319,42.15
1,200,100,1320,42.15
1,200,115,1321,42.16
1,200,102,1322,42.16
1,200,123,1323,42.16
1,200,114,1324,42.16
1,200,111,1325,42.16
1,200,106,1326,42.16
1,200,125,1327,42.16
1,200,111,1328,42.16
1,200,117,1329,42.16
1,200,118,1330,42.16
1,200,107,1331,42.16
1,200,114,1332,42.16
1,200,122,1333,42.16
1,200,126,1334,42.16
1,200,136,1335,42.15
1,200,110,1336,42.15
1,200,113,1337,42.15
1,200,116,1338,42.15
1,200,117,1339,42.15
1,200,112,1340,42.15
1,200,111,1341,42.16
1,200,131,1342,42.15
1,200,130,1343,42.15
1,200,129,1344,42.14
1,200,120,1345,42.13
1,200,109,1346,42.14
1,200,138,1347,42.13
1,200,125,1348,42.13
1,200,129,1349,42.12
1,200,123,1350,42.12
1,200,116,1351,42.12
1,200,119,1352,42.12
1,200,137,1353,42.11
1,200,122,1354,42.11
1,200,113,1355,42.11
1,200,111,1356,42.11
1,200,117,1357,42.11
1,200,116,1358,42.11
1,200,126,1359,42.1
1,200,122,1360,42.1
1,200,116,1361,42.1
1,200,115,1362,42.1
1,200,113,1363,42.1
1,200,112,1364,42.1
1,200,102,1365,42.11
1,200,119,1366,42.11
1,200,117,1367,42.11
1,200,103,1368,42.12
1,200,110,1369,42.12
1,200,118,1370,42.12
1,200,116,1371,42.12
1,200,104,1372,42.12
1,200,115,1373,42.12
1,200,109,1374,42.13
1,200,117,1375,42.13
1,200,120,1376,42.12
1,200,123,1377,42.12
1,200,119,1378,42.12
1,200,122,1379,42.12
1,200,113,1380,42.12
1,200,123,1381,42.12
1,200,118,1382,42.12
1,200,115,1383,42.12
1,200,110,1384,42.12
1,200,114,1385,42.12
1,200,114,1386,42.12
1,200,110,1387,42.12
1,200,110,1388,42.12
1,200,93,1389,42.13
1,200,99,1390,42.13
1,200,114,1391,42.13
1,200,107,1392,42.14
1,200,122,1393,42.13
1,200,103,1394,42.14
1,200,118,1395,42.14
1,200,104,1396,42.15
1,200,117,1397,42.15
1,200,105,1398,42.15
1,200,111,1399,42.15
1,200,101,1400,42.16
1,200,110,1401,42.16
1,200,109,1402,42.16
1,200,111,1403,42.16
1,200,116,1404,42.16
1,200,103,1405,42.16
1,200,99,1406,42.17
1,200,110,1407,42.17
1,200,105,1408,42.17
1,200,108,1409,42.18
1,200,112,1410,42.18
1,200,109,1411,42.19
1,200,110,1412,42.19
1,200,119,1413,42.19
1,200,106,1414,42.19
1,200,113,1415,42.19
1,200,115,1416,42.19
1,200,108,1417,42.19
1,200,112,1418,42.19
1,200,118,1419,42.19
1,200,108,1420,42.2
1,200,114,1421,42.2
1,200,131,1422,42.19
1,200,117,1423,42.19
1,200,112,1424,42.19
1,200,127,1425,42.19
1,200,108,1426,42.19
1,200,116,1427,42.19
1,200,114,1428,42.19
1,200,116,1429,42.19
1,200,92,1430,42.2
1,200,110,1431,42.2
1,200,104,1432,42.2
1,200,95,1433,42.21
1,200,105,1434,42.22
1,200,122,1435,42.21
1,200,117,1436,42.21
1,200,128,1437,42.2
1,200,124,1438,42.2
1,200,124,1439,42.2
1,200,118,1440,42.2
1,200,118,1441,42.2
1,200,106,1442,42.2
1,200,118,1443,42.2
1,200,116,1444,42.2
1,200,116,1445,42.2
1,200,120,1446,42.2
1,200,135,1447,42.2
1,200,122,1448,42.19
1,200,129,1449,42.19
1,200,129,1450,42.18
1,200,129,1451,42.17
1,200,134,1452,42.17
1,200,130,1453,42.16
1,200,110,1454,42.17
1,200,127,1455,42.16
1,200,129,1456,42.16
1,200,136,1457,42.16
1,200,135,1458,42.15
1,200,133,1459,42.14
1,200,126,1460,42.13
1,200,125,1461,42.13
1,200,126,1462,42.13
1,200,120,1463,42.13
1,200,115,1464,42.13
1,200,110,1465,42.13
1,200,113,1466,42.13
1,200,108,1467,42.13
1,200,100,1468,42.14
1,200,117,1469,42.14
1,200,102,1470,42.15
1,200,106,1471,42.15
1,200,116,1472,42.15
1,200,114,1473,42.15
1,200,107,1474,42.15
1,200,111,1475,42.15
1,200,104,1476,42.16
1,200,116,1477,42.16
1,200,124,1478,42.16
1,200,135,1479,42.15
1,200,116,1480,42.15
1,200,123,1481,42.15
1,200,119,1482,42.15
1,200,122,1483,42.14
1,200,109,1484,42.15
1,200,111,1485,42.15
1,200,93,1486,42.15
1,200,106,1487,42.16
1,200,110,1488,42.16
1,200,115,1489,42.16
1,200,102,1490,42.16
1,200,113,1491,42.16
1,200,121,1492,42.16
1,200,128,1493,42.16
1,200,113,1494,42.16
1,200,126,1495,42.16
1,200,120,1496,42.16
1,200,134,1497,42.15
1,200,113,1498,42.15
1,200,97,1499,42.16
1,200,102,1500,42.16
1,200,105,1501,42.16
1,200,101,1502,42.16
1,200,109,1503,42.17
1,200,115,1504,42.17
1,200,110,1505,42.17
1,200,100,1506,42.17
1,200,126,1507,42.17
1,200,97,1508,42.18
1,200,120,1509,42.18
1,200,119,1510,42.17
1,200,128,1511,42.17
1,200,116,1512,42.17
1,200,110,1513,42.17
1,200,112,1514,42.17
1,200,117,1515,42.17
1,200,111,1516,42.17
1,200,113,1517,42.18
1,200,111,1518,42.18
1,200,114,1519,42.18
1,200,109,1520,42.18
1,200,117,1521,42.18
1,200,110,1522,42.19
1,200,124,1523,42.18
1,200,108,1524,42.19
1,200,116,1525,42.19
1,200,109,1526,42.19
1,200,118,1527,42.19
1,200,96,1528,42.19
1,200,99,1529,42.2
1,200,102,1530,42.2
1,200,110,1531,42.2
1,200,111,1532,42.2
1,200,115,1533,42.2
1,200,103,1534,42.21
1,200,112,1535,42.21
1,200,103,1536,42.22
1,200,108,1537,42.22
1,200,101,1538,42.22
1,200,107,1539,42.23
1,200,111,1540,42.23
1,200,109,1541,42.23
1,200,116,1542,42.23
1,200,115,1543,42.23
1,200,121,1544,42.23
1,200,130,1545,42.22
1,200,124,1546,42.22
1,200,123,1547,42.22
1,200,103,1548,42.22
1,200,105,1549,42.23
1,200,93,1550,42.23
1,200,101,1551,42.23
1,200,96,1552,42.24
1,200,101,1553,42.24
1,200,101,1554,42.25
1,200,111,1555,42.25
1,200,116,1556,42.25
1,200,122,1557,42.25
1,200,110,1558,42.25
1,200,108,1559,42.26
1,200,110,1560,42.26
1,200,114,1561,42.26
1,200,106,1562,42.26
1,200,119,1563,42.26
1,200,104,1564,42.26
1,200,109,1565,42.27
1,200,103,1566,42.27
1,200,116,1567,42.27
1,200,114,1568,42.27
1,200,110,1569,42.27
1,200,118,1570,42.27
1,200,112,1571,42.27
1,200,112,1572,42.27
1,200,112,1573,42.27
1,200,99,1574,42.28
1,200,113,1575,42.28
1,200,111,1576,42.28
1,200,115,1577,42.28
1,200,115,1578,42.28
1,200,111,1579,42.28
1,200,121,1580,42.28
1,200,117,1581,42.28
1,200,124,1582,42.27
1,200,116,1583,42.27
1,200,111,1584,42.28
1,200,115,1585,42.28
1,200,100,1586,42.28
1,200,108,1587,42.28
1,200,105,1588,42.29
1,200,98,1589,42.3
1,200,83,1590,42.3
1,200,108,1591,42.3
1,200,98,1592,42.31
1,200,110,1593,42.31
1,200,115,1594,42.31
1,200,111,1595,42.31
1,200,103,1596,42.32
1,200,117,1597,42.32
1,200,118,1598,42.32
1,200,118,1599,42.31
1,200,111,1600,42.32
1,200,113,1601,42.32
1,200,109,1602,42.32
1,200,121,1603,42.32
1,200,109,1604,42.32
1,200,116,1605,42.32
1,200,113,1606,42.32
1,200,114,1607,42.32
1,200,103,1608,42.33
1,200,112,1609,42.33
1,200,109,1610,42.33
1,200,111,1611,42.33
1,200,115,1612,42.33
1,200,107,1613,42.34
1,200,107,1614,42.34
1,200,106,1615,42.34
1,200,109,1616,42.34
1,200,115,1617,42.34
1,200,123,1618,42.34
1,200,119,1619,42.34
1,200,108,1620,42.34
1,200,108,1621,42.34
1,200,112,1622,42.34
1,200,109,1623,42.34
1,200,119,1624,42.34
1,200,139,1625,42.34
1,200,96,1626,42.34
1,200,109,1627,42.34
1,200,104,1628,42.35
1,200,106,1629,42.35
1,200,104,1630,42.35
1,200,118,1631,42.35
1,200,95,1632,42.36
1,200,110,1633,42.36
1,200,98,1634,42.37
1,200,116,1635,42.37
1,200,114,1636,42.37
1,200,122,1637,42.37
1,200,124,1638,42.36
1,200,113,1639,42.36
1,200,104,1640,42.37
1,200,122,1641,42.37
1,200,104,1642,42.37
1,200,95,1643,42.38
1,200,99,1644,42.38
1,200,118,1645,42.38
1,200,102,1646,42.38
1,200,110,1647,42.38
1,200,113,1648,42.38
1,200,125,1649,42.38
1,200,112,1650,42.38
1,200,120,1651,42.38
1,200,108,1652,42.38
1,200,117,1653,42.38
1,200,107,1654,42.38
1,200,119,1655,42.38
1,200,108,1656,42.38
1,200,119,1657,42.38
1,200,97,1658,42.39
1,200,119,1659,42.39
1,200,117,1660,42.39
1,200,121,1661,42.38
1,200,121,1662,42.38
1,200,114,1663,42.38
1,200,132,1664,42.38
1,200,126,1665,42.38
1,200,105,1666,42.38
1,200,114,1667,42.38
1,200,109,1668,42.38
1,200,118,1669,42.38
1,200,116,1670,42.38
1,200,114,1671,42.38
1,200,114,1672,42.38
1,200,126,1673,42.38
1,200,98,1674,42.38
1,200,99,1675,42.39
1,200,107,1676,42.39
1,200,118,1677,42.39
1,200,112,1678,42.39
1,200,122,1679,42.39
1,200,116,1680,42.39
1,200,110,1681,42.39
1,200,99,1682,42.4
1,200,108,1683,42.4
1,200,105,1684,42.4
1,200,104,1685,42.41
1,200,107,1686,42.41
1,200,124,1687,42.41
1,200,114,1688,42.41
1,200,120,1689,42.41
1,200,101,1690,42.41
1,200,121,1691,42.41
1,200,114,1692,42.41
1,200,111,1693,42.41
1,200,101,1694,42.41
1,200,121,1695,42.41
1,200,96,1696,42.41
1,200,117,1697,42.41
1,200,121,1698,42.41
1,200,115,1699,42.41
1,200,99,1700,42.41
1,200,106,1701,42.42
1,200,95,1702,42.42
1,200,127,1703,42.42
1,200,102,1704,42.42
1,200,113,1705,42.42
1,200,114,1706,42.42
1,200,119,1707,42.42
1,200,117,1708,42.42
1,200,107,1709,42.43
1,200,118,1710,42.42
1,200,116,1711,42.42
1,200,98,1712,42.43
1,200,113,1713,42.44
1,200,112,1714,42.44
1,200,110,1715,42.44
1,200,109,1716,42.44
1,200,118,1717,42.44
1,200,104,1718,42.44
1,200,103,1719,42.45
1,200,97,1720,42.45
1,200,108,1721,42.45
1,200,111,1722,42.45
1,200,111,1723,42.45
1,200,113,1724,42.45
1,200,122,1725,42.45
1,200,114,1726,42.45
1,200,112,1727,42.45
1,200,115,1728,42.45
1,200,112,1729,42.45
1,200,106,1730,42.45
1,200,105,1731,42.46
1,200,98,1732,42.47
1,200,121,1733,42.46
1,200,95,1734,42.47
1,200,97,1735,42.48
1,200,106,1736,42.48
1,200,113,1737,42.48
1,200,116,1738,42.48
1,200,122,1739,42.48
1,200,114,1740,42.48
1,200,122,1741,42.47
1,200,130,1742,42.47
1,200,129,1743,42.47
1,200,127,1744,42.46
1,200,125,1745,42.46
1,200,116,1746,42.45
1,200,124,1747,42.45
1,200,120,1748,42.45
1,200,114,1749,42.45
1,200,116,1750,42.45
1,200,124,1751,42.45
1,200,115,1752,42.45
1,200,114,1753,42.45
1,200,101,1754,42.45
1,200,105,1755,42.46
1,200,97,1756,42.47
1,200,120,1757,42.46
1,200,126,1758,42.46
1,200,122,1759,42.45
1,200,120,1760,42.45
1,200,119,1761,42.45
1,200,116,1762,42.45
1,200,135,1763,42.45
1,200,108,1764,42.45
1,200,122,1765,42.45
1,200,113,1766,42.45
1,200,109,1767,42.45
1,200,117,1768,42.45
1,200,116,1769,42.45
1,200,117,1770,42.45
1,200,122,1771,42.45
1,200,129,1772,42.45
1,200,135,1773,42.44
1,200,116,1774,42.44
1,200,126,1775,42.44
1,200,100,1776,42.44
1,200,111,1777,42.44
1,200,112,1778,42.44
1,200,123,1779,42.44
1,200,105,1780,42.44
1,200,116,1781,42.44
1,200,122,1782,42.44
1,200,108,1783,42.44
1,200,98,1784,42.45
1,200,103,1785,42.45
1,200,103,1786,42.45
1,200,107,1787,42.45
1,200,89,1788,42.47
1,200,116,1789,42.46
1,200,101,1790,42.47
1,200,113,1791,42.47
1,200,91,1792,42.48
1,200,119,1793,42.47
1,200,108,1794,42.48
1,200,113,1795,42.48
1,200,109,1796,42.48
1,200,117,1797,42.48
1,200,115,1798,42.48
1,200,103,1799,42.48
1,200,109,1800,42.48
1,200,120,1801,42.48
1,200,93,1802,42.48
1,200,118,1803,42.48
1,200,109,1804,42.48
1,200,107,1805,42.49
1,200,106,1806,42.49
1,200,100,1807,42.49
1,200,110,1808,42.49
1,200,106,1809,42.5
1,200,111,1810,42.5
1,200,120,1811,42.5
1,200,114,1812,42.5
1,200,119,1813,42.5
1,200,108,1814,42.5
1,200,110,1815,42.5
1,200,104,1816,42.51
1,200,109,1817,42.51
1,200,102,1818,42.51
1,200,106,1819,42.51
1,200,112,1820,42.52
1,200,113,1821,42.52
1,200,108,1822,42.52
1,200,117,1823,42.52
1,200,107,1824,42.52
1,200,104,1825,42.52
1,200,105,1826,42.52
1,200,118,1827,42.52
1,200,100,1828,42.52
1,200,110,1829,42.53
1,200,105,1830,42.53
1,200,101,1831,42.53
1,200,104,1832,42.53
1,200,113,1833,42.54
1,200,114,1834,42.54
1,200,115,1835,42.54
1,200,107,1836,42.54
1,200,102,1837,42.55
1,200,100,1838,42.55
1,200,116,1839,42.55
1,200,108,1840,42.55
1,200,118,1841,42.55
1,200,119,1842,42.55
1,200,114,1843,42.55
1,200,117,1844,42.55
1,200,122,1845,42.55
1,200,100,1846,42.55
1,200,115,1847,42.55
1,200,110,1848,42.55
1,200,113,1849,42.55
1,200,121,1850,42.55
1,200,108,1851,42.55
1,200,109,1852,42.55
1,200,119,1853,42.55
1,200,106,1854,42.55
1,200,123,1855,42.55
1,200,113,1856,42.55
1,200,120,1857,42.55
1,200,107,1858,42.55
1,200,119,1859,42.55
1,200,111,1860,42.55
1,200,115,1861,42.55
1,200,110,1862,42.55
1,200,109,1863,42.55
1,200,111,1864,42.55
1,200,117,1865,42.55
1,200,118,1866,42.55
1,200,117,1867,42.55
1,200,105,1868,42.56
1,200,112,1869,42.56
1,200,116,1870,42.56
1,200,116,1871,42.56
1,200,101,1872,42.56
1,200,120,1873,42.56
1,200,108,1874,42.56
1,200,96,1875,42.56
1,200,97,1876,42.57
1,200,108,1877,42.58
1,200,117,1878,42.58
1,200,114,1879,42.58
1,200,113,1880,42.58
1,200,110,1881,42.58
1,200,101,1882,42.58
1,200,101,1883,42.58
1,200,103,1884,42.59
1,200,115,1885,42.59
1,200,118,1886,42.59
1,200,117,1887,42.59
1,200,112,1888,42.59
1,200,111,1889,42.59
1,200,122,1890,42.59
1,200,123,1891,42.58
1,200,115,1892,42.58
1,200,128,1893,42.58
1,200,121,1894,42.58
1,200,121,1895,42.58
1,200,131,1896,42.57
1,200,125,1897,42.57
1,200,131,1898,42.56
1,200,132,1899,42.56
1,200,121,1900,42.56
1,200,118,1901,42.55
1,200,125,1902,42.55
1,200,127,1903,42.55
1,200,116,1904,42.55
1,200,120,1905,42.55
1,200,114,1906,42.55
1,200,118,1907,42.55
1,200,120,1908,42.55
1,200,123,1909,42.55
1,200,104,1910,42.55
1,200,112,1911,42.55
1,200,108,1912,42.55
1,200,107,1913,42.55
1,200,99,1914,42.55
1,200,110,1915,42.56
1,200,108,1916,42.56
1,200,124,1917,42.56
1,200,103,1918,42.56
1,200,106,1919,42.56
1,200,99,1920,42.56
1,200,125,1921,42.56
1,200,118,1922,42.56
1,200,111,1923,42.56
1,200,124,1924,42.56
1,200,129,1925,42.56
1,200,93,1926,42.56
1,200,100,1927,42.57
1,200,110,1928,42.57
1,200,120,1929,42.57
1,200,105,1930,42.57
1,200,107,1931,42.58
1,200,103,1932,42.58
1,200,117,1933,42.58
1,200,105,1934,42.58
1,200,122,1935,42.58
1,200,108,1936,42.58
1,200,112,1937,42.58
1,200,121,1938,42.58
1,200,126,1939,42.58
1,200,118,1940,42.58
1,200,114,1941,42.58
1,200,100,1942,42.58
1,200,116,1943,42.58
1,200,107,1944,42.58
1,200,106,1945,42.58
1,200,109,1946,42.59
1,200,113,1947,42.59
1,200,96,1948,42.59
1,200,100,1949,42.59
1,200,109,1950,42.59
1,200,122,1951,42.59
1,200,116,1952,42.59
1,200,116,1953,42.59
1,200,102,1954,42.59
1,200,114,1955,42.59
1,200,124,1956,42.59
1,200,114,1957,42.59
1,200,103,1958,42.59
1,200,100,1959,42.6
1,200,101,1960,42.6
1,200,116,1961,42.6
1,200,121,1962,42.6
1,200,117,1963,42.6
1,200,101,1964,42.6
1,200,116,1965,42.6
1,200,117,1966,42.6
1,200,101,1967,42.6
1,200,97,1968,42.61
1,200,114,1969,42.61
1,200,97,1970,42.62
1,200,108,1971,42.62
1,200,99,1972,42.62
1,200,112,1973,42.62
1,200,107,1974,42.63
1,200,107,1975,42.63
1,200,109,1976,42.63
1,200,118,1977,42.63
1,200,115,1978,42.63
1,200,118,1979,42.63
1,200,116,1980,42.63
1,200,127,1981,42.62
1,200,117,1982,42.62
1,200,119,1983,42.62
1,200,116,1984,42.62
1,200,119,1985,42.62
1,200,106,1986,42.62
1,200,106,1987,42.63
1,200,107,1988,42.63
1,200,108,1989,42.63
1,200,99,1990,42.63
1,200,116,1991,42.63
1,200,115,1992,42.63
1,200,111,1993,42.63
1,200,100,1994,42.63
1,200,105,1995,42.64
1,200,101,1996,42.64
1,200,120,1997,42.64
1,200,100,1998,42.65
1,200,106,1999,42.65
1,200,117,2000,42.65
1,200,108,2001,42.65
1,200,108,2002,42.65
1,200,121,2003,42.65
1,200,109,2004,42.65
1,200,115,2005,42.65
1,200,104,2006,42.65
1,200,120,2007,42.65
1,200,102,2008,42.66
1,200,103,2009,42.66
1,200,121,2010,42.66
1,200,119,2011,42.66
1,200,112,2012,42.66
1,200,108,2013,42.66
1,200,104,2014,42.66
1,200,97,2015,42.66
1,200,94,2016,42.67
1,200,118,2017,42.66
1,200,101,2018,42.67
1,200,106,2019,42.67
1,200,106,2020,42.67
1,200,120,2021,42.67
1,200,137,2022,42.67
1,200,129,2023,42.66
1,200,110,2024,42.66
1,200,119,2025,42.66
1,200,107,2026,42.66
1,200,112,2027,42.66
1,200,119,2028,42.66
1,200,126,2029,42.66
1,200,117,2030,42.66
1,200,129,2031,42.66
1,200,123,2032,42.66
1,200,130,2033,42.66
1,200,113,2034,42.66
1,200,119,2035,42.65
1,200,127,2036,42.65
1,200,124,2037,42.65
1,200,120,2038,42.65
1,200,123,2039,42.65
1,200,122,2040,42.64
1,200,126,2041,42.64
1,200,133,2042,42.63
1,200,136,2043,42.63
1,200,131,2044,42.63
1,200,135,2045,42.62
1,200,120,2046,42.62
1,200,135,2047,42.62
1,200,122,2048,42.62
1,200,112,2049,42.62
1,200,118,2050,42.61
1,200,134,2051,42.61
1,200,134,2052,42.6
1,200,130,2053,42.6
1,200,122,2054,42.6
1,200,125,2055,42.59
1,200,120,2056,42.59
1,200,131,2057,42.59
1,200,114,2058,42.59
1,200,124,2059,42.59
1,200,118,2060,42.59
1,200,125,2061,42.59
1,200,115,2062,42.59
1,200,124,2063,42.58
1,200,123,2064,42.58
1,200,124,2065,42.58
1,200,108,2066,42.58
1,200,118,2067,42.58
1,200,103,2068,42.58
1,200,113,2069,42.58
1,200,115,2070,42.58
1,200,116,2071,42.58
1,200,102,2072,42.59
1,200,121,2073,42.59
1,200,133,2074,42.58
1,200,121,2075,42.58
1,200,105,2076,42.58
1,200,123,2077,42.58
1,200,110,2078,42.58
1,200,123,2079,42.58
1,200,110,2080,42.58
1,200,119,2081,42.58
1,200,114,2082,42.58
1,200,114,2083,42.58
1,200,110,2084,42.58
1,200,128,2085,42.58
1,200,121,2086,42.58
1,200,119,2087,42.58
1,200,117,2088,42.58
1,200,128,2089,42.57
1,200,123,2090,42.57
1,200,126,2091,42.56
1,200,121,2092,42.56
1,200,123,2093,42.56
1,200,128,2094,42.56
1,200,134,2095,42.55
1,200,130,2096,42.55
1,200,129,2097,42.55
1,200,117,2098,42.55
1,200,130,2099,42.55
1,200,129,2100,42.54
1,200,121,2101,42.54
1,200,134,2102,42.53
1,200,113,2103,42.53
1,200,113,2104,42.53
1,200,114,2105,42.53
1,200,102,2106,42.54
1,200,107,2107,42.54
1,200,94,2108,42.55
1,200,112,2109,42.55
1,200,103,2110,42.55
1,200,117,2111,42.55
1,200,105,2112,42.55
1,200,107,2113,42.55
1,200,107,2114,42.55
1,200,125,2115,42.55
1,200,110,2116,42.55
1,200,124,2117,42.55
1,200,114,2118,42.55
1,200,123,2119,42.55
1,200,120,2120,42.55
1,200,119,2121,42.55
1,200,100,2122,42.55
1,200,107,2123,42.55
1,200,90,2124,42.56
1,200,98,2125,42.56
1,200,115,2126,42.56
1,200,111,2127,42.56
1,200,105,2128,42.56
1,200,114,2129,42.56
1,200,108,2130,42.56
1,200,107,2131,42.57
1,200,113,2132,42.57
1,200,130,2133,42.56
1,200,107,2134,42.56
1,200,115,2135,42.56
1,200,109,2136,42.57
1,200,119,2137,42.57
1,200,112,2138,42.57
1,200,119,2139,42.57
1,200,118,2140,42.56
1,200,103,2141,42.57
1,200,113,2142,42.57
1,200,112,2143,42.57
1,200,107,2144,42.58
1,200,106,2145,42.58
1,200,117,2146,42.58
1,200,119,2147,42.58
1,200,112,2148,42.58
1,200,108,2149,42.58
1,200,115,2150,42.58
1,200,119,2151,42.58
1,200,117,2152,42.58
1,200,122,2153,42.57
1,200,120,2154,42.57
1,200,118,2155,42.57
1,200,115,2156,42.57
1,200,123,2157,42.57
1,200,111,2158,42.57
1,200,101,2159,42.57
1,200,95,2160,42.58
1,200,105,2161,42.58
1,200,100,2162,42.59
1,200,87,2163,42.59
1,200,106,2164,42.59
1,200,106,2165,42.59
1,200,92,2166,42.6
1,200,100,2167,42.6
1,200,112,2168,42.6
1,200,103,2169,42.6
1,200,107,2170,42.6
1,200,124,2171,42.6
1,200,114,2172,42.6
1,200,117,2173,42.6
1,200,112,2174,42.6
1,200,117,2175,42.6
1,200,116,2176,42.6
1,200,119,2177,42.6
1,200,101,2178,42.6
1,200,103,2179,42.61
1,200,104,2180,42.61
1,200,115,2181,42.61
1,200,100,2182,42.62
1,200,121,2183,42.62
1,200,110,2184,42.62
1,200,105,2185,42.62
1,200,109,2186,42.62
1,200,109,2187,42.62
1,200,96,2188,42.63
1,200,109,2189,42.63
1,200,109,2190,42.63
1,200,116,2191,42.63
1,200,103,2192,42.63
1,200,117,2193,42.63
1,200,94,2194,42.63
1,200,118,2195,42.63
1,200,111,2196,42.63
1,200,114,2197,42.63
1,200,108,2198,42.63
1,200,113,2199,42.63
1,200,113,2200,42.63
1,200,114,2201,42.63
1,200,93,2202,42.64
1,200,113,2203,42.64
1,200,96,2204,42.65
1,200,112,2205,42.65
1,200,116,2206,42.65
1,200,121,2207,42.65
1,200,108,2208,42.65
1,200,120,2209,42.65
1,200,117,2210,42.65
1,200,114,2211,42.65
1,200,104,2212,42.65
1,200,119,2213,42.65
1,200,98,2214,42.65
1,200,112,2215,42.65
1,200,104,2216,42.66
1,200,129,2217,42.65
1,200,104,2218,42.65
1,200,104,2219,42.66
1,200,101,2220,42.66
1,200,118,2221,42.66
1,200,109,2222,42.66
1,200,136,2223,42.66
1,200,121,2224,42.65
1,200,118,2225,42.65
1,200,120,2226,42.65
1,200,129,2227,42.65
1,200,113,2228,42.65
1,200,122,2229,42.65
1,200,109,2230,42.65
1,200,127,2231,42.65
1,200,110,2232,42.65
1,200,116,2233,42.65
1,200,111,2234,42.65
1,200,125,2235,42.65
1,200,109,2236,42.65
1,200,110,2237,42.65
1,200,113,2238,42.65
1,200,122,2239,42.65
1,200,105,2240,42.65
1,200,113,2241,42.65
1,200,108,2242,42.65
1,200,111,2243,42.65
1,200,111,2244,42.65
1,200,123,2245,42.65
1,200,117,2246,42.65
1,200,118,2247,42.65
1,200,101,2248,42.65
1,200,113,2249,42.65
1,200,112,2250,42.65
1,200,110,2251,42.65
1,200,112,2252,42.66
1,200,126,2253,42.65
1,200,118,2254,42.65
1,200,120,2255,42.65
1,200,120,2256,42.65
1,200,120,2257,42.65
1,200,106,2258,42.65
1,200,118,2259,42.65
1,200,110,2260,42.65
1,200,114,2261,42.65
1,200,115,2262,42.65
1,200,107,2263,42.65
1,200,111,2264,42.65
1,200,124,2265,42.65
1,200,106,2266,42.65
1,200,112,2267,42.65
1,200,117,2268,42.65
1,200,117,2269,42.65
1,200,125,2270,42.65
1,200,122,2271,42.65
1,200,95,2272,42.65
1,200,109,2273,42.65
1,200,110,2274,42.66
1,200,113,2275,42.66
1,200,107,2276,42.66
1,200,115,2277,42.66
1,200,119,2278,42.66
1,200,109,2279,42.66
1,200,103,2280,42.66
1,200,110,2281,42.66
1,200,110,2282,42.66
1,200,109,2283,42.66
1,200,104,2284,42.66
1,200,107,2285,42.66
1,200,106,2286,42.66
1,200,113,2287,42.66
1,200,99,2288,42.67
1,200,110,2289,42.67
1,200,123,2290,42.67
1,200,127,2291,42.66
1,200,107,2292,42.67
1,200,118,2293,42.67
1,200,101,2294,42.67
1,200,109,2295,42.67
1,200,108,2296,42.67
1,200,105,2297,42.67
1,200,94,2298,42.68
1,200,118,2299,42.68
1,200,106,2300,42.68
1,200,117,2301,42.68
1,200,108,2302,42.68
1,200,128,2303,42.68
1,200,110,2304,42.68
1,200,123,2305,42.68
1,200,105,2306,42.68
1,200,117,2307,42.68
1,200,106,2308,42.68
1,200,119,2309,42.68
1,200,117,2310,42.68
1,200,115,2311,42.68
1,200,108,2312,42.68
1,200,128,2313,42.68
1,200,122,2314,42.68
1,200,127,2315,42.67
1,200,115,2316,42.67
1,200,117,2317,42.67
1,200,125,2318,42.67
1,200,126,2319,42.67
1,200,109,2320,42.67
1,200,113,2321,42.67
1,200,115,2322,42.67
1,200,129,2323,42.67
1,200,115,2324,42.67
1,200,113,2325,42.67
1,200,122,2326,42.66
1,200,116,2327,42.66
1,200,115,2328,42.66
1,200,114,2329,42.66
1,200,100,2330,42.67
1,200,100,2331,42.67
1,200,91,2332,42.68
1,200,116,2333,42.68
1,200,113,2334,42.68
1,200,112,2335,42.68
1,200,104,2336,42.68
1,200,112,2337,42.68
1,200,111,2338,42.68
1,200,121,2339,42.68
1,200,99,2340,42.69
1,200,113,2341,42.69
1,200,114,2342,42.69
1,200,112,2343,42.69
1,200,105,2344,42.69
1,200,108,2345,42.69
1,200,111,2346,42.69
1,200,110,2347,42.69
1,200,108,2348,42.69
1,200,126,2349,42.69
1,200,111,2350,42.69
1,200,123,2351,42.69
1,200,104,2352,42.69
1,200,107,2353,42.69
1,200,113,2354,42.7
1,200,109,2355,42.7
1,200,128,2356,42.69
1,200,118,2357,42.69
1,200,110,2358,42.69
1,200,118,2359,42.69
1,200,109,2360,42.69
1,200,127,2361,42.69
1,200,113,2362,42.69
1,200,105,2363,42.69
1,200,96,2364,42.7
1,200,106,2365,42.7
1,200,107,2366,42.7
1,200,128,2367,42.7
1,200,116,2368,42.7
1,200,104,2369,42.7
1,200,100,2370,42.7
1,200,109,2371,42.7
1,200,96,2372,42.7
1,200,114,2373,42.7
1,200,109,2374,42.7
1,200,125,2375,42.7
1,200,112,2376,42.7
1,200,115,2377,42.7
1,200,120,2378,42.7
1,200,120,2379,42.7
1,200,117,2380,42.7
1,200,126,2381,42.7
1,200,112,2382,42.7
1,200,116,2383,42.7
1,200,111,2384,42.7
1,200,117,2385,42.7
1,200,104,2386,42.7
1,200,123,2387,42.7
1,200,108,2388,42.7
1,200,108,2389,42.7
1,200,113,2390,42.7
1,200,116,2391,42.7
1,200,115,2392,42.7
1,200,136,2393,42.7
1,200,104,2394,42.7
1,200,109,2395,42.7
1,200,113,2396,42.7
1,200,126,2397,42.7
1,200,114,2398,42.7
1,200,118,2399,42.7
1,200,115,2400,42.7
1,200,126,2401,42.7
1,200,114,2402,42.7
1,200,106,2403,42.7
1,200,107,2404,42.7
1,200,97,2405,42.7
1,200,103,2406,42.71
1,200,113,2407,42.71
1,200,104,2408,42.71
1,200,105,2409,42.71
1,200,105,2410,42.72
1,200,123,2411,42.71
1,200,114,2412,42.71
1,200,114,2413,42.72
1,200,106,2414,42.72
1,200,99,2415,42.72
1,200,118,2416,42.72
1,200,113,2417,42.72
1,200,108,2418,42.72
1,200,104,2419,42.72
1,200,106,2420,42.73
1,200,109,2421,42.73
1,200,114,2422,42.73
1,200,114,2423,42.73
1,200,99,2424,42.73
1,200,112,2425,42.73
1,200,117,2426,42.73
1,200,119,2427,42.73
1,200,117,2428,42.73
1,200,105,2429,42.73
1,200,102,2430,42.73
1,200,110,2431,42.73
1,200,100,2432,42.73
1,200,105,2433,42.73
1,200,108,2434,42.73
1,200,108,2435,42.74
1,200,113,2436,42.74
1,200,121,2437,42.74
1,200,102,2438,42.74
1,200,111,2439,42.74
1,200,100,2440,42.74
1,200,114,2441,42.74
1,200,115,2442,42.74
1,200,116,2443,42.74
1,200,95,2444,42.75
1,200,110,2445,42.75
1,200,103,2446,42.75
1,200,107,2447,42.76
1,200,113,2448,42.76
1,200,120,2449,42.75
1,200,109,2450,42.76
1,200,117,2451,42.75
1,200,103,2452,42.76
1,200,110,2453,42.76
1,200,108,2454,42.76
1,200,123,2455,42.76
1,200,109,2456,42.76
1,200,117,2457,42.76
1,200,111,2458,42.76
1,200,106,2459,42.76
1,200,114,2460,42.76
1,200,122,2461,42.76
1,200,99,2462,42.76
1,200,122,2463,42.76
1,200,99,2464,42.76
1,200,114,2465,42.76
1,200,113,2466,42.76
1,200,112,2467,42.76
1,200,110,2468,42.77
1,200,113,2469,42.77
1,200,108,2470,42.77
1,200,108,2471,42.77
1,200,109,2472,42.77
1,200,103,2473,42.77
1,200,115,2474,42.77
1,200,111,2475,42.77
1,200,114,2476,42.77
1,200,113,2477,42.77
1,200,99,2478,42.77
1,200,105,2479,42.77
1,200,100,2480,42.78
1,200,94,2481,42.78
1,200,111,2482,42.78
1,200,119,2483,42.78
1,200,102,2484,42.78
1,200,109,2485,42.78
1,200,104,2486,42.79
1,200,109,2487,42.79
1,200,112,2488,42.79
1,200,110,2489,42.79
1,200,113,2490,42.79
1,200,118,2491,42.79
1,200,109,2492,42.79
1,200,123,2493,42.79
1,200,123,2494,42.79
1,200,123,2495,42.78
1,200,103,2496,42.79
1,200,123,2497,42.78
1,200,102,2498,42.79
1,200,116,2499,42.79
1,200,106,2500,42.79
1,200,122,2501,42.79
1,200,111,2502,42.79
1,200,126,2503,42.78
1,200,114,2504,42.79
1,200,130,2505,42.78
1,200,119,2506,42.78
1,200,123,2507,42.78
1,200,109,2508,42.78
1,200,136,2509,42.78
1,200,128,2510,42.77
1,200,117,2511,42.77
1,200,123,2512,42.77
1,200,122,2513,42.77
1,200,107,2514,42.77
1,200,114,2515,42.77
1,200,123,2516,42.77
1,200,113,2517,42.77
1,200,107,2518,42.77
1,200,115,2519,42.77
1,200,109,2520,42.77
1,200,111,2521,42.77
1,200,113,2522,42.77
1,200,119,2523,42.77
1,200,103,2524,42.77
1,200,116,2525,42.77
1,200,108,2526,42.78
1,200,116,2527,42.78
1,200,125,2528,42.77
1,200,114,2529,42.77
1,200,120,2530,42.77
1,200,130,2531,42.77
1,200,113,2532,42.77
1,200,114,2533,42.77
1,200,94,2534,42.77
1,200,101,2535,42.78
1,200,98,2536,42.78
1,200,103,2537,42.78
1,200,96,2538,42.79
1,200,107,2539,42.79
1,200,115,2540,42.79
1,200,119,2541,42.79
1,200,124,2542,42.78
1,200,118,2543,42.78
1,200,109,2544,42.78
1,200,109,2545,42.79
1,200,116,2546,42.79
1,200,122,2547,42.78
1,200,124,2548,42.78
1,200,113,2549,42.78
1,200,111,2550,42.78
1,200,122,2551,42.78
1,200,119,2552,42.78
1,200,118,2553,42.78
1,200,124,2554,42.78
1,200,116,2555,42.78
1,200,120,2556,42.78
1,200,121,2557,42.77
1,200,116,2558,42.77
1,200,120,2559,42.77
1,200,116,2560,42.77
1,200,127,2561,42.77
1,200,105,2562,42.77
1,200,117,2563,42.77
1,200,96,2564,42.78
1,200,111,2565,42.78
1,200,107,2566,42.78
1,200,110,2567,42.78
1,200,103,2568,42.78
1,200,121,2569,42.78
1,200,111,2570,42.78
1,200,122,2571,42.78
1,200,116,2572,42.78
1,200,114,2573,42.78
1,200,113,2574,42.78
1,200,114,2575,42.78
1,200,120,2576,42.78
1,200,117,2577,42.78
1,200,103,2578,42.78
1,200,104,2579,42.78
1,200,125,2580,42.78
1,200,107,2581,42.78
1,200,105,2582,42.78
1,200,118,2583,42.78
1,200,126,2584,42.78
1,200,114,2585,42.78
1,200,92,2586,42.78
1,200,104,2587,42.79
1,200,120,2588,42.79
1,200,115,2589,42.79
1,200,107,2590,42.79
1,200,114,2591,42.79
1,200,95,2592,42.8
1,200,108,2593,42.8
1,200,96,2594,42.8
1,200,118,2595,42.8
1,200,103,2596,42.8
1,200,126,2597,42.8
1,200,101,2598,42.8
1,200,112,2599,42.8
1,200,116,2600,42.8
1,200,128,2601,42.8
1,200,118,2602,42.8
1,200,115,2603,42.8
1,200,124,2604,42.8
1,200,127,2605,42.79
1,200,114,2606,42.79
1,200,118,2607,42.79
1,200,118,2608,42.79
1,200,126,2609,42.79
1,200,114,2610,42.79
1,200,126,2611,42.78
1,200,113,2612,42.78
1,200,131,2613,42.78
1,200,120,2614,42.78
1,200,111,2615,42.78
1,200,101,2616,42.78
1,200,117,2617,42.78
1,200,118,2618,42.78
1,200,129,2619,42.78
1,200,108,2620,42.78
1,200,103,2621,42.78
1,200,105,2622,42.78
1,200,106,2623,42.79
1,200,115,2624,42.79
1,200,107,2625,42.79
1,200,108,2626,42.79
1,200,107,2627,42.8
1,200,107,2628,42.8
1,200,113,2629,42.8
1,200,106,2630,42.8
1,200,108,2631,42.8
1,200,96,2632,42.8
1,200,106,2633,42.8
1,200,106,2634,42.8
1,200,128,2635,42.8
1,200,109,2636,42.8
1,200,117,2637,42.8
1,200,102,2638,42.8
1,200,101,2639,42.8
1,200,101,2640,42.81
1,200,112,2641,42.81
1,200,98,2642,42.81
1,200,101,2643,42.81
1,200,111,2644,42.81
1,200,113,2645,42.81
1,200,105,2646,42.82
1,200,111,2647,42.82
1,200,115,2648,42.82
1,200,117,2649,42.82
1,200,110,2650,42.82
1,200,125,2651,42.81
1,200,117,2652,42.81
1,200,122,2653,42.81
1,200,101,2654,42.81
1,200,101,2655,42.82
1,200,110,2656,42.82
1,200,102,2657,42.83
1,200,108,2658,42.83
1,200,105,2659,42.83
1,200,118,2660,42.83
1,200,121,2661,42.83
1,200,117,2662,42.83
1,200,118,2663,42.83
1,200,114,2664,42.83
1,200,130,2665,42.82
1,200,116,2666,42.82
1,200,123,2667,42.82
1,200,104,2668,42.82
1,200,110,2669,42.82
1,200,105,2670,42.82
1,200,114,2671,42.83
1,200,109,2672,42.83
1,200,108,2673,42.83
1,200,107,2674,42.83
1,200,114,2675,42.83
1,200,116,2676,42.83
1,200,112,2677,42.83
1,200,108,2678,42.83
1,200,109,2679,42.83
1,200,113,2680,42.83
1,200,123,2681,42.83
1,200,117,2682,42.83
1,200,118,2683,42.83
1,200,115,2684,42.83
1,200,124,2685,42.83
1,200,112,2686,42.83
1,200,107,2687,42.83
1,200,107,2688,42.83
1,200,111,2689,42.83
1,200,111,2690,42.83
1,200,115,2691,42.83
1,200,103,2692,42.83
1,200,107,2693,42.83
1,200,112,2694,42.83
1,200,120,2695,42.83
1,200,108,2696,42.83
1,200,130,2697,42.83
1,200,112,2698,42.83
1,200,127,2699,42.83
1,200,111,2700,42.83
1,200,123,2701,42.83
1,200,126,2702,42.83
1,200,127,2703,42.82
1,200,116,2704,42.82
1,200,136,2705,42.82
1,200,105,2706,42.82
1,200,121,2707,42.82
1,200,107,2708,42.82
1,200,104,2709,42.82
1,200,105,2710,42.83
1,200,122,2711,42.82
1,200,111,2712,42.82
1,200,122,2713,42.82
1,200,120,2714,42.82
1,200,122,2715,42.82
1,200,112,2716,42.82
1,200,107,2717,42.82
1,200,107,2718,42.82
1,200,119,2719,42.82
1,200,100,2720,42.83
1,200,110,2721,42.83
1,200,108,2722,42.83
1,200,114,2723,42.83
1,200,109,2724,42.83
1,200,115,2725,42.83
1,200,113,2726,42.83
1,200,113,2727,42.83
1,200,100,2728,42.83
1,200,103,2729,42.83
1,200,114,2730,42.83
1,200,123,2731,42.83
1,200,102,2732,42.83
1,200,106,2733,42.84
1,200,105,2734,42.84
1,200,102,2735,42.84
1,200,103,2736,42.84
1,200,123,2737,42.84
1,200,116,2738,42.84
1,200,110,2739,42.84
1,200,104,2740,42.84
1,200,116,2741,42.84
1,200,110,2742,42.84
1,200,103,2743,42.84
1,200,112,2744,42.84
1,200,121,2745,42.84
1,200,122,2746,42.84
1,200,115,2747,42.84
1,200,103,2748,42.84
1,200,117,2749,42.84
1,200,121,2750,42.84
1,200,104,2751,42.84
1,200,117,2752,42.84
1,200,124,2753,42.84
1,200,110,2754,42.84
1,200,108,2755,42.84
1,200,102,2756,42.84
1,200,100,2757,42.85
1,200,109,2758,42.85
1,200,109,2759,42.85
1,200,106,2760,42.85
1,200,99,2761,42.85
1,200,107,2762,42.85
1,200,117,2763,42.85
1,200,108,2764,42.85
1,200,117,2765,42.85
1,200,110,2766,42.85
1,200,117,2767,42.85
1,200,117,2768,42.85
1,200,117,2769,42.85
1,200,121,2770,42.85
1,200,112,2771,42.85
1,200,118,2772,42.85
1,200,89,2773,42.86
1,200,116,2774,42.85
1,200,115,2775,42.85
1,200,108,2776,42.86
1,200,117,2777,42.86
1,200,103,2778,42.86
1,200,100,2779,42.87
1,200,108,2780,42.87
1,200,106,2781,42.87
1,200,100,2782,42.87
1,200,106,2783,42.87
1,200,106,2784,42.87
1,200,102,2785,42.88
1,200,102,2786,42.88
1,200,115,2787,42.88
1,200,104,2788,42.88
1,200,107,2789,42.88
1,200,108,2790,42.88
1,200,113,2791,42.88
1,200,114,2792,42.88
1,200,124,2793,42.88
1,200,121,2794,42.88
1,200,111,2795,42.88
1,200,109,2796,42.88
1,200,102,2797,42.88
1,200,111,2798,42.88
1,200,114,2799,42.88
1,200,113,2800,42.88
1,200,108,2801,42.88
1,200,111,2802,42.88
1,200,110,2803,42.88
1,200,119,2804,42.88
1,200,115,2805,42.88
1,200,122,2806,42.88
1,200,120,2807,42.88
1,200,114,2808,42.88
1,200,111,2809,42.88
1,200,115,2810,42.88
1,200,113,2811,42.88
1,200,103,2812,42.88
1,200,99,2813,42.88
1,200,100,2814,42.89
1,200,118,2815,42.88
1,200,116,2816,42.88
1,200,109,2817,42.89
1,200,109,2818,42.89
1,200,118,2819,42.89
1,200,105,2820,42.89
1,200,116,2821,42.89
1,200,120,2822,42.89
1,200,122,2823,42.88
1,200,109,2824,42.89
1,200,101,2825,42.89
1,200,98,2826,42.9
1,200,97,2827,42.9
1,200,105,2828,42.9
1,200,113,2829,42.9
1,200,107,2830,42.9
1,200,108,2831,42.9
1,200,109,2832,42.9
1,200,114,2833,42.9
1,200,104,2834,42.91
1,200,115,2835,42.91
1,200,117,2836,42.91
1,200,116,2837,42.9
1,200,107,2838,42.91
1,200,124,2839,42.9
1,200,118,2840,42.9
1,200,109,2841,42.9
1,200,116,2842,42.9
1,200,123,2843,42.9
1,200,110,2844,42.9
1,200,113,2845,42.9
1,200,115,2846,42.9
1,200,121,2847,42.9
1,200,105,2848,42.9
1,200,112,2849,42.9
1,200,118,2850,42.9
1,200,124,2851,42.9
1,200,110,2852,42.9
1,200,108,2853,42.9
1,200,102,2854,42.91
1,200,123,2855,42.9
1,200,114,2856,42.9
1,200,116,2857,42.9
1,200,113,2858,42.9
1,200,113,2859,42.9
1,200,115,2860,42.9
1,200,118,2861,42.9
1,200,114,2862,42.9
1,200,107,2863,42.91
1,200,107,2864,42.91
1,200,117,2865,42.91
1,200,109,2866,42.91
1,200,118,2867,42.91
1,200,103,2868,42.91
1,200,102,2869,42.91
1,200,111,2870,42.91
1,200,109,2871,42.91
1,200,119,2872,42.91
1,200,114,2873,42.91
1,200,98,2874,42.91
1,200,117,2875,42.91
1,200,113,2876,42.91
1,200,112,2877,42.91
1,200,116,2878,42.91
1,200,110,2879,42.91
1,200,109,2880,42.91
1,200,114,2881,42.91
1,200,112,2882,42.91
1,200,114,2883,42.91
1,200,114,2884,42.91
1,200,105,2885,42.91
1,200,118,2886,42.91
1,200,115,2887,42.91
1,200,120,2888,42.91
1,200,122,2889,42.91
1,200,104,2890,42.91
1,200,122,2891,42.91
1,200,106,2892,42.91
1,200,120,2893,42.91
1,200,110,2894,42.91
1,200,115,2895,42.91
1,200,86,2896,42.92
1,200,95,2897,42.92
1,200,114,2898,42.92
1,200,116,2899,42.92
1,200,111,2900,42.92
1,200,101,2901,42.92
1,200,106,2902,42.92
1,200,113,2903,42.92
1,200,101,2904,42.92
1,200,118,2905,42.92
1,200,115,2906,42.92
1,200,116,2907,42.92
1,200,111,2908,42.92
1,200,107,2909,42.93
1,200,111,2910,42.93
1,200,114,2911,42.93
1,200,102,2912,42.93
1,200,98,2913,42.94
1,200,108,2914,42.94
1,200,124,2915,42.94
1,200,96,2916,42.94
1,200,101,2917,42.94
1,200,104,2918,42.94
1,200,95,2919,42.95
1,200,85,2920,42.95
1,200,104,2921,42.95
1,200,105,2922,42.95
1,200,108,2923,42.95
1,200,88,2924,42.95
1,200,116,2925,42.95
1,200,114,2926,42.95
1,200,120,2927,42.95
1,200,101,2928,42.96
1,200,120,2929,42.95
1,200,102,2930,42.96
1,200,104,2931,42.96
1,200,97,2932,42.97
1,200,115,2933,42.97
1,200,103,2934,42.97
1,200,127,2935,42.97
1,200,109,2936,42.97
1,200,104,2937,42.97
1,200,106,2938,42.97
1,200,107,2939,42.97
1,200,106,2940,42.97
1,200,105,2941,42.97
1,200,107,2942,42.97
1,200,114,2943,42.97
1,200,112,2944,42.98
1,200,110,2945,42.98
1,200,124,2946,42.97
1,200,116,2947,42.97
1,200,121,2948,42.97
1,200,118,2949,42.97
1,200,116,2950,42.97
1,200,114,2951,42.97
1,200,111,2952,42.97
1,200,111,2953,42.97
1,200,122,2954,42.97
1,200,112,2955,42.97
1,200,109,2956,42.97
1,200,111,2957,42.97
1,200,114,2958,42.97
1,200,118,2959,42.97
1,200,105,2960,42.97
1,200,103,2961,42.98
1,200,102,2962,42.98
1,200,113,2963,42.98
1,200,90,2964,42.98
1,200,113,2965,42.98
1,200,99,2966,42.98
1,200,114,2967,42.98
1,200,109,2968,42.98
1,200,116,2969,42.98
1,200,104,2970,42.98
1,200,102,2971,42.98
1,200,101,2972,42.99
1,200,107,2973,42.99
1,200,112,2974,42.99
1,200,110,2975,42.99
1,200,123,2976,42.99
1,200,115,2977,42.99
1,200,133,2978,42.98
1,200,117,2979,42.98
1,200,114,2980,42.98
1,200,116,2981,42.98
1,200,118,2982,42.98
1,200,113,2983,42.98
1,200,116,2984,42.98
1,200,108,2985,42.98
1,200,97,2986,42.99
1,200,103,2987,42.99
1,200,96,2988,42.99
1,200,104,2989,42.99
1,200,94,2990,43.0
1,200,112,2991,43.0
1,200,119,2992,43.0
1,200,116,2993,42.99
1,200,99,2994,43.0
1,200,108,2995,43.0
1,200,107,2996,43.0
1,200,121,2997,43.0
1,200,108,2998,43.0
1,200,102,2999,43.01
1,200,103,3000,43.01
1,200,109,3001,43.01
1,200,105,3002,43.01
1,200,118,3003,43.01
1,200,119,3004,43.01
1,200,126,3005,43.01
1,200,125,3006,43.01
1,200,111,3007,43.01
1,200,118,3008,43.0
1,200,107,3009,43.01
1,200,115,3010,43.01
1,200,110,3011,43.01
1,200,99,3012,43.01
1,200,111,3013,43.01
1,200,113,3014,43.01
1,200,127,3015,43.01
1,200,122,3016,43.01
1,200,112,3017,43.01
1,200,97,3018,43.01
1,200,115,3019,43.01
1,200,104,3020,43.01
1,200,103,3021,43.01
1,200,101,3022,43.01
1,200,116,3023,43.01
1,200,109,3024,43.02
1,200,110,3025,43.02
1,200,116,3026,43.02
1,200,120,3027,43.01
1,200,112,3028,43.02
1,200,124,3029,43.01
1,200,121,3030,43.01
1,200,131,3031,43.01
1,200,122,3032,43.01
1,200,113,3033,43.01
1,200,121,3034,43.01
1,200,130,3035,43.0
1,200,115,3036,43.0
1,200,109,3037,43.01
1,200,117,3038,43.0
1,200,132,3039,43.0
1,200,105,3040,43.0
1,200,110,3041,43.0
1,200,116,3042,43.0
1,200,121,3043,43.0
1,200,108,3044,43.0
1,200,127,3045,43.0
1,200,107,3046,43.0
1,200,113,3047,43.0
1,200,106,3048,43.0
1,200,124,3049,43.0
1,200,124,3050,43.0
1,200,121,3051,42.99
1,200,109,3052,43.0
1,200,123,3053,42.99
1,200,107,3054,42.99
1,200,112,3055,43.0
1,200,101,3056,43.0
1,200,111,3057,43.0
1,200,112,3058,43.0
1,200,112,3059,43.0
1,200,105,3060,43.0
1,200,118,3061,43.0
1,200,111,3062,43.0
1,200,118,3063,43.0
1,200,109,3064,43.0
1,200,114,3065,43.0
1,200,109,3066,43.01
1,200,117,3067,43.01
1,200,123,3068,43.0
1,200,123,3069,43.0
1,200,114,3070,43.0
1,200,97,3071,43.01
1,200,106,3072,43.01
1,200,106,3073,43.01
1,200,108,3074,43.01
1,200,121,3075,43.01
1,200,104,3076,43.01
1,200,109,3077,43.01
1,200,107,3078,43.01
1,200,110,3079,43.01
1,200,112,3080,43.01
1,200,108,3081,43.01
1,200,112,3082,43.01
1,200,109,3083,43.01
1,200,103,3084,43.02
1,200,119,3085,43.02
1,200,120,3086,43.01
1,200,107,3087,43.02
1,200,108,3088,43.02
1,200,112,3089,43.02
1,200,110,3090,43.02
1,200,116,3091,43.02
1,200,104,3092,43.02
1,200,104,3093,43.02
1,200,101,3094,43.02
1,200,131,3095,43.02
1,200,112,3096,43.02
1,200,115,3097,43.02
1,200,105,3098,43.02
1,200,108,3099,43.02
1,200,100,3100,43.02
1,200,112,3101,43.02
1,200,114,3102,43.02
1,200,109,3103,43.02
1,200,112,3104,43.02
1,200,114,3105,43.02
1,200,103,3106,43.02
1,200,110,3107,43.02
1,200,109,3108,43.02
1,200,121,3109,43.02
1,200,119,3110,43.02
1,200,113,3111,43.02
1,200,101,3112,43.02
1,200,102,3113,43.03
1,200,103,3114,43.03
1,200,102,3115,43.03
1,200,103,3116,43.03
1,200,111,3117,43.03
1,200,96,3118,43.03
1,200,109,3119,43.04
1,200,108,3120,43.04
1,200,120,3121,43.04
1,200,123,3122,43.03
1,200,120,3123,43.03
1,200,105,3124,43.03
1,200,105,3125,43.04
1,200,114,3126,43.04
1,200,111,3127,43.04
1,200,96,3128,43.04
1,200,131,3129,43.04
1,200,111,3130,43.04
1,200,113,3131,43.04
1,200,119,3132,43.04
1,200,124,3133,43.03
1,200,126,3134,43.03
1,200,123,3135,43.03
1,200,112,3136,43.03
1,200,117,3137,43.03
1,200,118,3138,43.03
1,200,124,3139,43.03
1,200,113,3140,43.03
1,200,108,3141,43.03
1,200,115,3142,43.03
1,200,114,3143,43.03
1,200,102,3144,43.03
1,200,116,3145,43.03
1,200,124,3146,43.03
1,200,126,3147,43.03
1,200,112,3148,43.03
1,200,105,3149,43.03
1,200,112,3150,43.03
1,200,109,3151,43.03
1,200,107,3152,43.03
1,200,127,3153,43.03
1,200,107,3154,43.03
1,200,107,3155,43.03
1,200,104,3156,43.03
1,200,128,3157,43.03
1,200,100,3158,43.03
1,200,117,3159,43.03
1,200,110,3160,43.03
1,200,116,3161,43.03
1,200,103,3162,43.04
1,200,104,3163,43.04
1,200,112,3164,43.04
1,200,117,3165,43.04
1,200,104,3166,43.04
1,200,123,3167,43.04
1,200,115,3168,43.04
1,200,117,3169,43.04
1,200,116,3170,43.04
1,200,118,3171,43.04
1,200,106,3172,43.04
1,200,122,3173,43.04
1,200,110,3174,43.04
1,200,122,3175,43.03
1,200,106,3176,43.04
1,200,107,3177,43.04
1,200,105,3178,43.04
1,200,103,3179,43.04
1,200,114,3180,43.04
1,200,114,3181,43.04
1,200,107,3182,43.05
1,200,110,3183,43.05
1,200,100,3184,43.05
1,200,94,3185,43.05
1,200,90,3186,43.05
1,200,108,3187,43.05
1,200,111,3188,43.05
1,200,122,3189,43.05
1,200,96,3190,43.05
1,200,110,3191,43.05
1,200,105,3192,43.06
1,200,111,3193,43.06
1,200,101,3194,43.06
1,200,108,3195,43.06
1,200,121,3196,43.06
1,200,117,3197,43.06
1,200,118,3198,43.06
1,200,112,3199,43.06
1,200,106,3200,43.06
1,200,115,3201,43.06
1,200,113,3202,43.06
1,200,110,3203,43.06
1,200,118,3204,43.06
1,200,123,3205,43.06
1,200,116,3206,43.06
1,200,110,3207,43.06
1,200,103,3208,43.06
1,200,110,3209,43.06
1,200,94,3210,43.06
1,200,113,3211,43.06
1,200,111,3212,43.06
1,200,107,3213,43.06
1,200,108,3214,43.06
1,200,110,3215,43.07
1,200,100,3216,43.07
1,200,98,3217,43.08
1,200,108,3218,43.08
1,200,109,3219,43.08
1,200,113,3220,43.08
1,200,116,3221,43.08
1,200,107,3222,43.08
1,200,113,3223,43.08
1,200,108,3224,43.08
1,200,109,3225,43.08
1,200,107,3226,43.08
1,200,101,3227,43.08
1,200,113,3228,43.08
1,200,110,3229,43.08
1,200,114,3230,43.08
1,200,120,3231,43.08
1,200,106,3232,43.08
1,200,111,3233,43.08
1,200,101,3234,43.09
1,200,102,3235,43.09
1,200,114,3236,43.09
1,200,111,3237,43.09
1,200,116,3238,43.09
1,200,111,3239,43.09
1,200,103,3240,43.09
1,200,103,3241,43.09
1,200,109,3242,43.09
1,200,111,3243,43.09
1,200,108,3244,43.09
1,200,110,3245,43.09
1,200,104,3246,43.09
1,200,99,3247,43.09
1,200,96,3248,43.1
1,200,105,3249,43.1
1,200,109,3250,43.1
1,200,114,3251,43.1
1,200,97,3252,43.1
1,200,110,3253,43.1
1,200,102,3254,43.1
1,200,113,3255,43.1
1,200,112,3256,43.1
1,200,118,3257,43.1
1,200,99,3258,43.1
1,200,127,3259,43.1
1,200,118,3260,43.1
1,200,120,3261,43.1
1,200,109,3262,43.1
1,200,118,3263,43.1
1,200,128,3264,43.1
1,200,128,3265,43.1
1,200,125,3266,43.1
1,200,118,3267,43.09
1,200,112,3268,43.09
1,200,120,3269,43.09
1,200,108,3270,43.09
1,200,118,3271,43.09
1,200,109,3272,43.09
1,200,102,3273,43.1
1,200,112,3274,43.1
1,200,113,3275,43.1
1,200,108,3276,43.1
1,200,118,3277,43.1
1,200,112,3278,43.1
1,200,118,3279,43.1
1,200,116,3280,43.1
1,200,119,3281,43.1
1,200,120,3282,43.09
1,200,109,3283,43.1
1,200,117,3284,43.1
1,200,126,3285,43.09
1,200,107,3286,43.09
1,200,103,3287,43.1
1,200,113,3288,43.1
1,200,119,3289,43.1
1,200,105,3290,43.1
1,200,113,3291,43.1
1,200,116,3292,43.1
1,200,103,3293,43.1
1,200,103,3294,43.1
1,200,98,3295,43.1
1,200,86,3296,43.11
1,200,106,3297,43.11
1,200,92,3298,43.12
1,200,104,3299,43.12
1,200,103,3300,43.12
1,200,119,3301,43.12
1,200,96,3302,43.12
1,200,117,3303,43.12
1,200,103,3304,43.12
1,200,110,3305,43.12
1,200,114,3306,43.12
1,200,116,3307,43.12
1,200,95,3308,43.12
1,200,102,3309,43.13
1,200,96,3310,43.13
1,200,117,3311,43.13
1,200,101,3312,43.13
1,200,108,3313,43.13
1,200,108,3314,43.13
1,200,110,3315,43.13
1,200,107,3316,43.13
1,200,100,3317,43.13
1,200,102,3318,43.13
1,200,126,3319,43.13
1,200,113,3320,43.13
1,200,119,3321,43.13
1,200,101,3322,43.13
1,200,101,3323,43.13
1,200,100,3324,43.14
1,200,117,3325,43.14
1,200,110,3326,43.14
1,200,118,3327,43.14
1,200,110,3328,43.14
1,200,106,3329,43.14
1,200,109,3330,43.14
1,200,125,3331,43.14
1,200,103,3332,43.14
1,200,118,3333,43.14
1,200,120,3334,43.14
1,200,108,3335,43.14
1,200,95,3336,43.15
1,200,117,3337,43.14
1,200,116,3338,43.14
1,200,119,3339,43.14
1,200,99,3340,43.15
1,200,116,3341,43.15
1,200,129,3342,43.14
1,200,120,3343,43.14
1,200,111,3344,43.14
1,200,127,3345,43.14
1,200,112,3346,43.14
1,200,116,3347,43.14
1,200,105,3348,43.14
1,200,102,3349,43.14
1,200,119,3350,43.14
1,200,119,3351,43.14
1,200,96,3352,43.14
1,200,106,3353,43.15
1,200,100,3354,43.15
1,200,105,3355,43.15
1,200,112,3356,43.15
1,200,112,3357,43.15
1,200,107,3358,43.15
1,200,102,3359,43.15
1,200,105,3360,43.15
1,200,113,3361,43.15
1,200,107,3362,43.15
1,200,104,3363,43.16
1,200,95,3364,43.16
1,200,116,3365,43.16
1,200,104,3366,43.16
1,200,113,3367,43.16
1,200,114,3368,43.16
1,200,107,3369,43.16
1,200,112,3370,43.16
1,200,115,3371,43.16
1,200,109,3372,43.16
1,200,107,3373,43.16
1,200,109,3374,43.16
1,200,116,3375,43.16
1,200,111,3376,43.16
1,200,112,3377,43.16
1,200,105,3378,43.16
1,200,121,3379,43.16
1,200,105,3380,43.16
1,200,111,3381,43.16
1,200,107,3382,43.16
1,200,114,3383,43.16
1,200,111,3384,43.16
1,200,112,3385,43.16
1,200,107,3386,43.16
1,200,125,3387,43.16
1,200,102,3388,43.16
1,200,112,3389,43.16
1,200,102,3390,43.17
1,200,121,3391,43.16
1,200,108,3392,43.17
1,200,110,3393,43.17
1,200,112,3394,43.17
1,200,104,3395,43.17
1,200,102,3396,43.17
1,200,108,3397,43.17
1,200,109,3398,43.17
1,200,117,3399,43.17
1,200,122,3400,43.17
1,200,115,3401,43.17
1,200,106,3402,43.17
1,200,107,3403,43.17
1,200,108,3404,43.17
1,200,120,3405,43.17
1,200,97,3406,43.17
1,200,99,3407,43.18
1,200,105,3408,43.18
1,200,103,3409,43.18
1,200,103,3410,43.18
1,200,113,3411,43.18
1,200,92,3412,43.19
1,200,111,3413,43.19
1,200,116,3414,43.19
1,200,111,3415,43.19
1,200,100,3416,43.19
1,200,112,3417,43.19
1,200,110,3418,43.19
1,200,113,3419,43.19
1,200,108,3420,43.19
1,200,102,3421,43.19
1,200,104,3422,43.2
1,200,116,3423,43.19
1,200,113,3424,43.19
1,200,122,3425,43.19
1,200,112,3426,43.19
1,200,122,3427,43.19
1,200,119,3428,43.19
1,200,117,3429,43.19
1,200,117,3430,43.19
1,200,113,3431,43.19
1,200,110,3432,43.19
1,200,114,3433,43.19
1,200,113,3434,43.19
1,200,109,3435,43.19
1,200,101,3436,43.19
1,200,98,3437,43.2
1,200,119,3438,43.2
1,200,116,3439,43.2
1,200,107,3440,43.2
1,200,109,3441,43.2
1,200,101,3442,43.2
1,200,110,3443,43.2
1,200,107,3444,43.2
1,200,110,3445,43.2
1,200,100,3446,43.2
1,200,112,3447,43.2
1,200,102,3448,43.2
1,200,116,3449,43.2
1,200,120,3450,43.2
1,200,125,3451,43.2
1,200,117,3452,43.2
1,200,115,3453,43.2
1,200,105,3454,43.2
1,200,114,3455,43.2
1,200,110,3456,43.2
1,200,115,3457,43.2
1,200,108,3458,43.2
1,200,109,3459,43.2
1,200,119,3460,43.2
1,200,124,3461,43.2
1,200,115,3462,43.2
1,200,106,3463,43.2
1,200,114,3464,43.2
1,200,119,3465,43.2
1,200,102,3466,43.2
1,200,116,3467,43.2
1,200,114,3468,43.2
1,200,114,3469,43.2
1,200,124,3470,43.2
1,200,118,3471,43.2
1,200,140,3472,43.2
1,200,120,3473,43.2
1,200,120,3474,43.2
1,200,126,3475,43.19
1,200,120,3476,43.19
1,200,127,3477,43.19
1,200,96,3478,43.19
1,200,97,3479,43.2
1,200,122,3480,43.19
1,200,120,3481,43.19
1,200,98,3482,43.2
1,200,110,3483,43.2
1,200,118,3484,43.2
1,200,118,3485,43.19
1,200,107,3486,43.2
1,200,109,3487,43.2
1,200,113,3488,43.2
1,200,117,3489,43.2
1,200,99,3490,43.2
1,200,103,3491,43.2
1,200,106,3492,43.2
1,200,111,3493,43.2
1,200,98,3494,43.2
1,200,112,3495,43.2
1,200,95,3496,43.2
1,200,108,3497,43.2
1,200,108,3498,43.2
1,200,119,3499,43.2
1,200,110,3500,43.2
1,200,113,3501,43.2
1,200,104,3502,43.2
1,200,121,3503,43.2
1,200,122,3504,43.2
1,200,103,3505,43.2
1,200,118,3506,43.2
1,200,122,3507,43.2
1,200,112,3508,43.2
1,200,109,3509,43.2
1,200,107,3510,43.2
1,200,125,3511,43.2
1,200,115,3512,43.2
1,200,106,3513,43.2
1,200,112,3514,43.2
1,200,115,3515,43.2
1,200,102,3516,43.2
1,200,118,3517,43.2
1,200,106,3518,43.2
1,200,105,3519,43.21
1,200,98,3520,43.21
1,200,113,3521,43.21
1,200,103,3522,43.21
1,200,114,3523,43.21
1,200,96,3524,43.22
1,200,112,3525,43.22
1,200,110,3526,43.22
1,200,113,3527,43.22
1,200,108,3528,43.22
1,200,128,3529,43.22
1,200,106,3530,43.22
1,200,118,3531,43.22
1,200,109,3532,43.22
1,200,105,3533,43.22
1,200,105,3534,43.22
1,200,106,3535,43.22
1,200,110,3536,43.22
1,200,111,3537,43.22
1,200,103,3538,43.22
1,200,108,3539,43.22
1,200,120,3540,43.22
1,200,117,3541,43.22
1,200,114,3542,43.22
1,200,142,3543,43.22
1,200,114,3544,43.22
1,200,115,3545,43.22
1,200,113,3546,43.22
1,200,122,3547,43.22
1,200,128,3548,43.22
1,200,129,3549,43.21
1,200,114,3550,43.21
1,200,127,3551,43.21
1,200,121,3552,43.21
1,200,130,3553,43.2
1,200,106,3554,43.2
1,200,104,3555,43.21
1,200,95,3556,43.21
1,200,112,3557,43.21
1,200,97,3558,43.22
1,200,107,3559,43.22
1,200,104,3560,43.22
1,200,116,3561,43.22
1,200,97,3562,43.22
1,200,100,3563,43.22
1,200,103,3564,43.22
1,200,110,3565,43.22
1,200,93,3566,43.23
1,200,102,3567,43.23
1,200,96,3568,43.23
1,200,110,3569,43.23
1,200,107,3570,43.23
1,200,106,3571,43.23
